timestamp,device_id,cpu_percent,memory_percent,latency,bandwidth_out,bandwidth_in,packet_loss,crc_errors
2026-03-15 17:53:42.265654,Router 1,24.2,87.3,23.84474959486185,0.0,0.0,0.45933941536132167,1
2026-03-15 17:53:43.290376,Router 1,32.2,87.4,25.051140923008926,0.000201,0.000535,0.3548177275409904,1
2026-03-15 17:53:44.318805,Router 1,14.3,87.4,23.23681905859056,0.001492,0.000878,0.30873941675487826,0
2026-03-15 17:53:45.345802,Router 1,13.3,87.4,11.654113420666402,0.007608,0.005952,0.45214133888101254,1
2026-03-15 17:53:46.379155,Router 1,11.8,87.4,13.208883539134499,0.005281,0.000124,0.3417413509956744,2
2026-03-15 17:53:47.408751,Router 1,31.0,87.7,17.80248716581047,0.002261,0.000949,0.30299611382837727,0
2026-03-15 17:53:48.442011,Router 1,56.1,88.9,20.36945478936701,0.000144,0.000136,0.38993873562468917,0
2026-03-15 17:53:49.470472,Router 1,31.6,89.0,23.052411098349545,0.000144,0.000136,0.15232479949367791,0
2026-03-15 17:53:50.499214,Router 1,21.2,89.9,22.211054127616613,0.000245,0.000543,0.2812597178453474,2
2026-03-15 17:54:55.294220,Router 1,26.5,88.9,31.502516149687573,0.0,0.000207,0.3278792362986205,1

2026-03-15 17:54:56.317347,Router 1,27.5,89.3,19.87872369677936,0.012024,0.027025,0.35820157887580495,1

2026-03-15 17:54:57.345914,Router 1,19.8,89.1,31.994250810390895,0.013776,0.002444,0.3965189996406232,0

2026-03-15 17:54:58.376258,Router 1,34.7,91.1,25.324451537740135,0.005443,0.010121,0.40614832875961293,2

2026-03-15 17:54:59.410255,Router 1,25.6,88.8,36.29092995286402,5.8e-05,5.8e-05,0.4471230573081696,0

2026-03-15 17:55:00.438309,Router 1,14.6,88.8,22.146834474757558,0.000166,0.000112,0.27867011817422216,1

2026-03-15 17:55:01.465877,Router 1,14.4,88.9,29.169595672156493,5.8e-05,5.8e-05,0.30570187396730214,2

2026-03-15 17:55:02.496692,Router 1,8.1,88.7,19.353473507241887,0.0004,0.000331,0.30475734961139034,0

2026-03-15 17:55:03.524404,Router 1,8.6,88.7,21.873451455872637,0.000112,0.000166,0.29714788634239947,2

2026-03-15 17:55:04.556264,Router 1,12.1,88.8,17.03507381163907,5.8e-05,5.8e-05,0.33011779441412015,2

2026-03-15 17:55:05.600624,Router 1,16.1,89.0,21.38746931051335,5.8e-05,5.8e-05,0.27035079479911983,0

2026-03-15 17:55:06.627556,Router 1,19.3,88.9,23.028630506914496,0.000144,0.000136,0.2887995819405263,2

2026-03-15 17:55:07.658857,Router 1,12.5,88.8,16.91609870650118,0.006698,0.006967,0.25980073775688156,2

2026-03-15 17:55:08.675319,Router 1,8.2,88.7,29.783468823601755,0.000383,0.001225,0.3872861278199917,1

2026-03-15 17:55:09.708540,Router 1,17.7,88.9,17.971559960125685,0.000516,0.002004,0.35005995863274775,0

2026-03-15 17:55:10.737762,Router 1,15.6,88.8,23.61847859150738,0.00437,0.005846,0.13787368621083285,0

2026-03-15 17:55:11.769488,Router 1,17.4,88.7,20.478275500571936,0.001127,0.00712,0.3690406302415506,1

2026-03-15 17:55:12.798196,Router 1,10.1,88.7,18.74640532782814,0.00022,5.8e-05,0.17950890173803008,0

2026-03-15 17:55:13.827754,Router 1,8.6,88.6,29.142848325408345,0.000112,0.000166,0.1542165185889328,1

2026-03-15 17:55:14.857619,Router 1,14.0,88.6,24.816342051520728,5.8e-05,5.8e-05,0.22762301757696465,1

2026-03-15 17:55:15.891319,Router 1,12.2,88.6,23.625340020224346,5.8e-05,0.000112,0.24875833854583226,0

2026-03-15 17:55:16.908884,Router 1,19.7,88.6,31.249328656323534,5.8e-05,5.8e-05,0.3931561209820744,1

2026-03-15 17:55:17.937853,Router 1,9.8,88.7,20.329933952092453,0.00326,0.001151,0.554141513446712,2

2026-03-15 17:55:18.964111,Router 1,17.9,88.7,29.883209297653636,0.003959,0.007387,0.37588810819874435,1

2026-03-15 17:55:19.995879,Router 1,23.6,88.8,27.631144401084494,5.8e-05,5.8e-05,0.4674312110492086,1

2026-03-15 17:55:21.013851,Router 1,17.5,88.8,23.53448748805317,0.000242,0.000358,0.2745829307145337,0

2026-03-15 17:55:22.047180,Router 1,19.5,87.9,25.80298088605909,0.062001,0.007755,0.2359648940684007,2

2026-03-15 17:55:23.065685,Router 1,19.8,88.0,45.256776354142104,0.074528,0.002704,0.26287688859969566,1

2026-03-15 17:55:24.097218,Router 1,10.8,87.7,22.995787742869403,0.075936,0.003136,0.28882448082215867,2

2026-03-15 17:55:25.112511,Router 1,19.7,86.7,25.83476157968417,0.07599,0.00319,0.2512595274911314,2

2026-03-15 17:55:26.142176,Router 1,14.4,86.4,26.22839594095466,0.013541,0.001354,0.3512196256347193,1

2026-03-15 17:55:27.170624,Router 1,23.6,86.5,25.155551479071526,0.000244,0.000833,0.2490863834332098,1

2026-03-15 17:55:28.201927,Router 1,15.2,86.6,34.35225205777116,0.009606,0.013876,0.15207089498536094,1

2026-03-15 17:55:29.218480,Router 1,5.0,86.6,25.45130257397018,0.000359,0.001186,0.4201839961714188,1

2026-03-15 17:55:30.249359,Router 1,17.9,86.5,21.900225621786014,0.000113,0.000124,0.2847509463844691,1

2026-03-15 17:55:31.268505,Router 1,21.4,86.7,21.394953157348176,5.8e-05,5.8e-05,0.4634129649994245,0

2026-03-15 17:55:32.310466,Router 1,24.2,86.8,21.227602614546278,0.039132,0.004958,0.28864401248259647,2

2026-03-15 17:55:33.341441,Router 1,16.8,86.8,22.47134654038115,0.002972,0.051407,0.3550839632666077,1

2026-03-15 17:55:34.383754,Router 1,15.3,86.9,16.184556753932558,0.000164,5.8e-05,0.3260895241625501,1

2026-03-15 17:55:35.401929,Router 1,8.4,87.0,23.716743902684943,0.008673,0.003402,0.3743052787908878,2

2026-03-15 17:55:36.431263,Router 1,18.3,86.9,28.212016901025994,0.000271,0.003248,0.345984611913837,0

2026-03-15 17:55:37.460418,Router 1,16.8,87.0,28.417685790638934,0.000186,0.000186,0.41323115982863967,2

2026-03-15 17:55:38.491660,Router 1,15.4,87.0,31.82229890566674,0.009712,0.007318,0.24583010781017592,0

2026-03-15 17:55:39.526148,Router 1,11.7,86.8,19.6829922755931,0.000541,0.007876,0.17967577412843483,1

2026-03-15 17:55:40.556803,Router 1,6.1,86.7,23.772149103222734,5.8e-05,5.8e-05,0.3178812405241604,2

2026-03-15 17:55:41.584364,Router 1,19.1,86.9,27.300826832642013,5.8e-05,5.8e-05,0.42896151104695185,1

2026-03-15 17:55:42.615420,Router 1,19.7,87.1,32.39950812820228,0.000252,0.000136,0.3098548120176585,2

2026-03-15 17:55:43.648226,Router 1,17.9,85.6,21.476592435817164,0.000244,0.000298,0.14396441970080573,0

2026-03-15 17:55:44.676627,Router 1,14.8,85.5,30.671251853510963,5.8e-05,5.8e-05,0.19558939188388735,0

2026-03-15 17:55:45.702059,Router 1,10.5,85.7,33.28786782030523,5.8e-05,5.8e-05,0.46280514371085374,0

2026-03-15 17:55:46.734800,Router 1,23.8,86.5,28.106561897753643,5.8e-05,5.8e-05,0.23341846387744616,1

2026-03-15 17:55:47.764826,Router 1,23.4,86.8,24.864070622312134,5.8e-05,5.8e-05,0.32538512046462775,2

2026-03-15 17:55:48.795347,Router 1,19.3,86.8,14.305550216383171,0.007181,0.007402,0.2612996597789941,0

2026-03-15 17:55:49.827436,Router 1,34.4,87.0,20.07637569783006,0.003746,0.006248,0.3086294152169683,0

2026-03-15 17:55:50.855908,Router 1,18.4,86.9,18.90379621784693,0.005161,0.000933,0.2733698099143569,0

2026-03-15 17:55:51.883598,Router 1,9.7,87.0,20.67591906893334,0.004214,0.001471,0.14408265099990486,2

2026-03-15 17:55:52.913457,Router 1,23.7,86.9,22.876794084641645,0.004808,0.005702,0.45057748821194554,2

2026-03-15 17:55:53.948077,Router 1,17.0,86.7,27.53680556408552,0.000144,0.000244,0.2221141379314342,2

2026-03-15 17:55:54.978545,Router 1,22.7,86.8,20.635170531875445,0.000144,0.000144,0.1507339744366386,0

2026-03-15 17:55:56.010527,Router 1,14.8,86.7,22.12872766859364,5.8e-05,5.8e-05,0.31066370178188524,1

2026-03-15 17:55:57.039564,Router 1,15.0,86.8,18.50710164123649,5.8e-05,5.8e-05,0.3183879406708788,2

2026-03-15 17:55:58.069106,Router 1,28.0,87.0,27.031263290016277,5.8e-05,5.8e-05,0.15000165620645617,2

2026-03-15 17:55:59.095065,Router 1,19.6,86.4,23.876046593866928,0.007027,0.007402,0.424941022353047,0

2026-03-15 17:56:00.123821,Router 1,15.0,86.4,25.434074710531966,0.000112,0.000424,0.34438450122231856,0

2026-03-15 17:56:01.150205,Router 1,18.0,86.5,20.91078207832519,5.8e-05,5.8e-05,0.30464273786705204,2

2026-03-15 17:56:02.178884,Router 1,19.7,86.8,18.09521912569263,0.002815,0.010653,0.05917051271559218,2

2026-03-15 17:56:03.210545,Router 1,22.9,87.2,33.768100341301235,0.010676,0.005827,0.28886283187980366,0

2026-03-15 17:56:04.241476,Router 1,29.6,86.7,15.668118882018888,0.002141,0.001815,0.3288152719237378,1

2026-03-15 17:56:05.272740,Router 1,12.9,86.6,21.277790050932673,5.8e-05,7.8e-05,0.18261989860333427,1

2026-03-15 17:56:06.300862,Router 1,14.6,86.4,20.126984652159678,5.8e-05,0.000136,0.4679128131132165,2

2026-03-15 17:56:07.335469,Router 1,11.1,86.4,10.15403163335209,0.0,5.8e-05,0.1996981434991915,1

2026-03-15 17:56:08.366231,Router 1,15.4,86.4,24.248240602325243,0.000144,0.000222,0.2573669591807762,2

2026-03-15 17:56:09.395684,Router 1,16.4,86.4,31.267792730813497,0.025007,0.008525,0.2536386831309107,2

2026-03-15 17:56:10.424916,Router 1,14.2,86.4,20.05364441143042,0.000219,0.000447,0.3017187837416631,0

2026-03-15 17:56:11.442185,Router 1,16.5,86.4,26.38798321119164,5.8e-05,5.8e-05,0.35444131094815684,0

2026-03-15 17:56:12.470405,Router 1,13.6,86.5,25.41513612127319,0.00781,5.8e-05,0.2132193725507,2

2026-03-15 17:56:13.515966,Router 1,17.7,86.7,19.128263608036583,0.035633,0.008497,0.2762776375178248,0

2026-03-15 17:56:14.547243,Router 1,25.3,86.8,31.3718725505939,0.001117,0.049843,0.17232863664264939,0

2026-03-15 17:56:15.580876,Router 1,15.9,86.9,20.390702483255634,0.000113,0.000124,0.30596955194628184,2

2026-03-15 17:56:16.611970,Router 1,15.1,86.7,23.850577029286278,5.8e-05,5.8e-05,0.12229294551698341,2

2026-03-15 17:56:17.639724,Router 1,14.2,86.8,27.257781066789,0.000112,5.8e-05,0.2775133877552305,1

2026-03-15 17:56:18.669479,Router 1,10.5,86.7,23.650864005311654,0.000112,0.000112,0.34194868979653353,0

2026-03-15 17:56:19.700293,Router 1,14.7,86.6,23.916168473870833,0.005571,0.001278,0.33048931651440216,1

2026-03-15 17:56:20.728821,Router 1,15.1,86.5,24.877036746108697,0.005082,0.014557,0.3673709377827127,1

2026-03-15 17:56:21.757138,Router 1,14.8,86.4,19.895079786385324,5.8e-05,5.8e-05,0.3409916126227015,2

2026-03-15 17:56:22.791697,Router 1,10.5,86.3,31.844280226146697,5.8e-05,5.8e-05,0.37186970055348734,2

2026-03-15 17:56:23.821717,Router 1,13.8,86.1,26.085058180441077,5.8e-05,5.8e-05,0.2681506754814521,0

2026-03-15 17:56:24.855967,Router 1,15.1,86.2,25.364112769008905,5.8e-05,5.8e-05,0.28565867268654516,2

2026-03-15 17:56:25.884077,Router 1,14.6,86.2,28.21306926946165,5.8e-05,5.8e-05,0.35742527454128337,2

2026-03-15 17:56:26.912646,Router 1,14.7,86.1,16.405217591434663,0.000458,0.000802,0.3351325621030945,0

2026-03-15 17:56:27.942087,Router 1,11.3,86.2,15.271367117798635,0.029552,0.01363,0.33786641944610646,1

2026-03-15 17:56:28.974719,Router 1,11.0,86.2,23.535872285436664,0.000244,0.000956,0.42254976361821217,2

2026-03-15 17:56:30.004686,Router 1,21.2,86.3,23.082252247705327,0.003096,0.000373,0.2503564040384775,2

2026-03-15 17:56:31.036747,Router 1,20.2,86.4,24.139218743945985,5.8e-05,5.8e-05,0.33137111214166365,2

2026-03-15 17:56:32.064830,Router 1,18.3,86.5,15.933764271883984,5.8e-05,5.8e-05,0.31232282492517105,0

2026-03-15 17:56:33.096324,Router 1,10.5,86.3,22.19083916951948,5.8e-05,5.8e-05,0.43238121345101194,2

2026-03-15 17:56:34.127530,Router 1,8.9,86.1,19.75659806365215,0.000144,0.000144,0.21165881890865246,0

2026-03-15 17:56:35.156553,Router 1,13.2,86.2,29.352848438821788,5.8e-05,5.8e-05,0.19407691516764763,2

2026-03-15 17:56:36.191178,Router 1,14.0,86.2,21.7828826702237,5.8e-05,5.8e-05,0.3383642873711056,2

2026-03-15 17:56:37.223834,Router 1,17.9,86.1,22.19839323407063,5.8e-05,5.8e-05,0.5901321120051416,1

2026-03-15 17:56:38.255228,Router 1,13.2,86.1,22.029352006259632,0.000144,0.000136,0.26808867381442697,2

2026-03-15 17:56:39.285283,Router 1,18.3,87.3,37.296592580751515,0.00019,0.00019,0.28781386060935,0

2026-03-15 17:56:40.314788,Router 1,16.4,87.1,20.063479940540756,0.013387,0.008798,0.1369040553803455,0

2026-03-15 17:56:41.349154,Router 1,20.8,88.6,20.352768814673418,0.000342,0.002068,0.42294002706154993,2

2026-03-15 17:56:42.383327,Router 1,15.4,86.7,26.503381000420582,5.8e-05,5.8e-05,0.31937874006183153,0

2026-03-15 17:56:43.406394,Router 1,13.3,86.7,17.778223928329545,0.000136,5.8e-05,0.2676726540445734,0

2026-03-15 17:56:44.435948,Router 1,6.5,86.7,25.41254175419536,0.011534,0.005205,0.29375996903937485,2

2026-03-15 17:56:45.467175,Router 1,15.5,86.7,22.615294851054607,0.000442,0.000222,0.2848522776494242,1

2026-03-15 17:56:46.500644,Router 1,11.4,86.7,30.445713432073845,0.00027,5.8e-05,0.2558278917206651,1

2026-03-15 17:56:47.533739,Router 1,18.0,86.8,25.276714627667943,0.00027,5.8e-05,0.3816299584689068,1

2026-03-15 17:56:48.559174,Router 1,18.2,86.8,28.66986883560827,0.000432,0.000166,0.1856148941440583,1

2026-03-15 17:56:49.589405,Router 1,5.0,86.8,23.04599082412936,0.014569,0.006707,0.33707238050413413,2

2026-03-15 17:56:50.608165,Router 1,16.7,86.7,24.427938273571716,0.060702,0.014788,0.23105989669076893,1

2026-03-15 17:56:51.641364,Router 1,20.3,86.8,30.607153743550214,0.001512,0.01104,0.2650743414434186,1

2026-03-15 17:56:52.673183,Router 1,14.6,86.8,11.306674450624758,5.8e-05,0.000156,0.23310748793862046,2

2026-03-15 17:56:53.704694,Router 1,13.2,86.7,24.156422401268802,5.8e-05,0.000156,0.12454311845392455,1

2026-03-15 17:56:54.730787,Router 1,8.1,86.7,27.049795751045398,5.8e-05,5.8e-05,0.058561141516871806,1

2026-03-15 17:56:55.763281,Router 1,19.0,87.2,24.3827215974751,5.8e-05,0.000156,0.31105140233822604,1

2026-03-15 17:56:56.795429,Router 1,17.4,87.3,23.44860700378718,5.8e-05,5.8e-05,0.3647234075832124,1

2026-03-15 17:56:57.828091,Router 1,14.3,87.2,25.891554174364412,0.000166,5.8e-05,0.32121618237005367,1

2026-03-15 17:56:58.855884,Router 1,16.6,87.2,31.34925369211168,0.000198,0.000252,0.3999658771151755,1

2026-03-15 17:56:59.883402,Router 1,6.6,87.2,29.10434733719672,5.8e-05,5.8e-05,0.1916417322505813,0

2026-03-15 17:57:00.908827,Router 1,13.7,87.4,20.863871499783823,0.009745,0.007306,0.25897184045378535,0

2026-03-15 17:57:01.940999,Router 1,17.1,87.2,21.76459982602588,0.000595,0.007876,0.38254731458700897,0

2026-03-15 17:57:02.968916,Router 1,22.2,87.4,17.179644370922688,0.000144,0.000136,0.14397125453287146,2

2026-03-15 17:57:03.998690,Router 1,17.2,87.3,23.428504504095432,5.8e-05,5.8e-05,0.4116458935054693,2

2026-03-15 17:57:05.030479,Router 1,8.0,87.3,18.77949226511095,5.8e-05,5.8e-05,0.19460407076141265,1

2026-03-15 17:57:06.059338,Router 1,21.4,87.4,23.747512995902465,5.8e-05,5.8e-05,0.4004103709401119,1

2026-03-15 17:57:07.091690,Router 1,13.9,87.4,21.80446342458511,5.8e-05,5.8e-05,0.13669881326691602,2

2026-03-15 17:57:08.123012,Router 1,12.9,87.3,26.55004999471396,0.00022,0.000166,0.21962682021171442,1

2026-03-15 17:57:09.155732,Router 1,17.9,87.3,14.796091967710653,5.8e-05,5.8e-05,0.23066846367046234,1

2026-03-15 17:57:10.184423,Router 1,10.6,87.4,16.80191721887714,5.8e-05,5.8e-05,0.16188123073098484,2

2026-03-15 17:57:11.203680,Router 1,10.4,87.3,26.999935427114796,0.009626,0.00724,0.4157022247886033,0

2026-03-15 17:57:12.234112,Router 1,15.0,87.3,21.492240333428136,0.000626,0.007822,0.23092468581505116,2

2026-03-15 17:57:13.263648,Router 1,15.6,87.2,26.439265487069598,5.8e-05,0.000124,0.16582466360786138,1

2026-03-15 17:57:14.294393,Router 1,13.5,87.3,15.625867802524247,5.8e-05,5.8e-05,0.2552651743100522,0

2026-03-15 17:57:15.324683,Router 1,6.6,87.2,24.403699653421647,5.8e-05,5.8e-05,0.33464378256499894,0

2026-03-15 17:57:16.346100,Router 1,11.0,87.3,29.21645401761226,5.8e-05,5.8e-05,0.3837054047095568,0

2026-03-15 17:57:17.377435,Router 1,15.7,87.3,26.790873363518095,5.8e-05,5.8e-05,0.47802629955063125,0

2026-03-15 17:57:18.405772,Router 1,13.8,87.2,27.00435259270344,0.00022,0.000166,0.45618040352719397,1

2026-03-15 17:57:19.437273,Router 1,15.5,87.2,31.68069225934508,5.8e-05,0.0,0.3562504669160451,0

2026-03-15 17:57:20.466975,Router 1,8.7,87.2,28.878178550699207,5.8e-05,5.8e-05,0.1482280162562726,2

2026-03-15 17:57:21.498386,Router 1,13.0,87.3,32.24445797106262,0.005331,0.001192,0.3084740493805182,0

2026-03-15 17:57:22.528640,Router 1,17.6,87.2,23.868424116637094,0.004986,0.014611,0.31485531707125775,2

2026-03-15 17:57:23.559003,Router 1,18.9,87.3,31.08720245320523,5.8e-05,5.8e-05,0.5129285947995714,2

2026-03-15 17:57:24.588503,Router 1,13.9,87.2,27.488191303444665,5.8e-05,5.8e-05,0.29435179655924487,0

2026-03-15 17:57:25.615608,Router 1,11.6,87.2,23.55888690169536,0.000144,0.000136,0.48266488172596533,0

2026-03-15 17:57:26.644685,Router 1,15.4,87.2,27.924260853146293,0.000144,0.000144,0.2129805844843567,1

2026-03-15 17:57:27.676556,Router 1,14.8,87.3,26.5508133643352,5.8e-05,5.8e-05,0.19427678983443175,2

2026-03-15 17:57:28.707851,Router 1,16.4,87.3,17.494805704178727,0.00022,0.000166,0.48264954034686214,0

2026-03-15 17:57:29.738004,Router 1,20.6,87.5,22.884019898951614,5.8e-05,5.8e-05,0.19000301069726738,0

2026-03-15 17:57:30.791697,Router 1,24.2,87.3,29.34529684726443,0.000331,0.000333,0.20448336572424186,2

2026-03-15 17:57:31.827868,Router 1,10.5,87.3,25.741700321391804,0.023257,0.013777,0.29652248175167606,1

2026-03-15 17:57:32.847601,Router 1,16.0,87.3,26.105407474288157,0.000541,0.007768,0.38671108395557313,1

2026-03-15 17:57:33.880445,Router 1,16.9,87.3,23.047073308994353,0.00019,0.00019,0.3426143406198334,2

2026-03-15 17:57:34.910914,Router 1,16.4,87.3,28.68669493107683,5.8e-05,5.8e-05,0.350418556872576,1

2026-03-15 17:57:35.943538,Router 1,8.8,87.5,22.12017175923854,0.00985,0.002318,0.4041265570286229,2

2026-03-15 17:57:36.974391,Router 1,11.7,87.4,17.2209019976703,5.8e-05,5.8e-05,0.1683330376660467,0

2026-03-15 17:57:38.002596,Router 1,16.1,87.4,25.765260010430712,0.000166,5.8e-05,0.3254215642999783,1

2026-03-15 17:57:39.030657,Router 1,14.9,87.4,20.85018994816795,0.00019,0.00022,0.2804347873398528,1

2026-03-15 17:57:40.061484,Router 1,17.9,87.4,28.545235403117225,5.8e-05,5.8e-05,0.21753409667827117,1

2026-03-15 17:57:41.090020,Router 1,10.9,87.5,27.143574263033933,0.00974,0.0013,0.20882839598010422,1

2026-03-15 17:57:42.105998,Router 1,7.4,87.5,25.544582197418613,0.005117,0.000397,0.233777816741108,2

2026-03-15 17:57:43.136506,Router 1,13.7,87.6,27.329472081650604,0.00505,0.014665,0.2939333981140047,0

2026-03-15 17:57:44.162960,Router 1,15.0,87.4,17.529682248468372,5.8e-05,5.8e-05,0.3112655031047413,2

2026-03-15 17:57:45.195154,Router 1,16.5,87.4,28.577560202761244,0.000199,0.000136,0.3229684142082504,1

2026-03-15 17:57:46.222718,Router 1,16.5,87.6,18.83506706822078,0.026122,0.002109,0.25387478792049467,2

2026-03-15 17:57:47.249023,Router 1,31.1,88.2,28.020916050442214,0.047649,0.066416,0.42849032694089373,0

2026-03-15 17:57:48.278679,Router 1,31.5,88.4,24.083772597969315,0.01985,0.003673,0.2599787803680662,1

2026-03-15 17:57:49.312171,Router 1,22.4,88.4,25.349375112508973,0.033534,0.004516,0.4815252389341722,1

2026-03-15 17:57:50.342110,Router 1,27.7,88.5,13.94854259295547,0.026855,0.01163,0.24048331399951547,0

2026-03-15 17:57:51.370837,Router 1,29.2,88.4,19.76414963107588,0.0076,0.012139,0.34390135449565457,2

2026-03-15 17:57:52.400854,Router 1,29.8,88.5,19.91869265049194,0.03687,0.006299,0.3733885160896379,2

2026-03-15 17:57:53.430558,Router 1,31.5,88.8,22.706867078933463,0.000593,0.001712,0.2937567409526552,1

2026-03-15 17:57:54.447197,Router 1,28.9,89.1,28.493380896812702,0.00562,0.003394,0.25969797235921777,2

2026-03-15 17:57:55.475346,Router 1,22.5,89.1,33.66143097396851,0.004595,0.081964,0.20425072410171524,1

2026-03-15 17:57:56.507672,Router 1,37.8,90.0,13.490947700508524,0.058745,0.096199,0.22371548209225706,0

2026-03-15 17:57:57.535649,Router 1,32.2,89.8,28.739306445039393,0.002557,0.052716,0.4771907709745615,0

2026-03-15 17:57:58.562134,Router 1,30.5,90.0,23.952228056903735,0.015973,0.074993,0.503200136445611,0

2026-03-15 17:57:59.593644,Router 1,22.6,90.1,11.260120661417982,0.0007,0.004654,0.2964530114421529,2

2026-03-15 17:58:00.623293,Router 1,24.5,90.2,21.759660659744405,0.000679,0.003496,0.2516027465987739,1

2026-03-15 17:58:01.645191,Router 1,29.4,90.2,13.3947115326152,0.000272,0.00181,0.20028346781853118,2

2026-03-15 17:58:02.674737,Router 1,26.5,90.3,26.672356477873702,0.057094,0.012351,0.4525070080502659,2

2026-03-15 17:58:03.706227,Router 1,17.2,90.3,15.716127105455763,0.054201,0.017979,0.23416098342046665,1

2026-03-15 17:58:04.737213,Router 1,14.7,90.4,32.30020544012449,0.018766,0.001644,0.44755661357800847,0

2026-03-15 17:58:05.768315,Router 1,9.6,90.1,22.947723618435667,0.000165,0.000755,0.32898950972271,2

2026-03-15 17:58:06.798573,Router 1,14.2,90.0,12.832124024246596,5.8e-05,5.8e-05,0.446297370279321,1

2026-03-15 17:58:07.825677,Router 1,17.8,90.0,21.998794451314588,0.00024,5.8e-05,0.3234858894238309,1

2026-03-15 17:58:08.858569,Router 1,19.6,88.9,24.105393549154343,0.003328,0.001373,0.34624002783782515,0

2026-03-15 17:58:09.890401,Router 1,13.1,89.2,23.381721198237134,5.8e-05,5.8e-05,0.4811413807707309,2

2026-03-15 17:58:10.922135,Router 1,10.7,89.0,21.559075778263157,5.8e-05,5.8e-05,0.26007827650759086,2

2026-03-15 17:58:11.954052,Router 1,15.4,89.0,21.731891130240584,0.006547,0.007211,0.3981202687194513,1

2026-03-15 17:58:12.980693,Router 1,15.7,88.7,12.475810892210898,0.009897,0.014838,0.08272629324854577,0

2026-03-15 17:58:14.013714,Router 1,12.9,88.8,17.627374600298047,0.000784,0.007768,0.23857720595575127,1

2026-03-15 17:58:15.043110,Router 1,17.8,89.0,24.518751421418965,5.8e-05,5.8e-05,0.22949804006617075,0

2026-03-15 17:58:16.064770,Router 1,8.5,89.3,24.58413349637207,0.0001,0.0001,0.46905921267504114,1

2026-03-15 17:58:17.095815,Router 1,16.0,89.2,13.483089384837115,0.000144,0.000144,0.35412221152869205,1

2026-03-15 17:58:18.128367,Router 1,20.8,88.9,26.903169850868945,0.000436,0.00043,0.29768204453656505,2

2026-03-15 17:58:19.158505,Router 1,17.5,89.0,15.123569882270488,5.8e-05,5.8e-05,0.06396701035233493,0

2026-03-15 17:58:20.186735,Router 1,14.1,88.9,25.968107392098556,5.8e-05,5.8e-05,0.5231476099543692,0

2026-03-15 17:58:21.213380,Router 1,6.7,88.9,32.43305919922842,0.018819,0.001087,0.21978586963497454,2

2026-03-15 17:58:22.239098,Router 1,13.6,88.9,20.671454940859395,5.8e-05,5.8e-05,0.5201907807556728,2

2026-03-15 17:58:23.269044,Router 1,16.5,89.1,19.38854306704056,0.005485,0.001192,0.37699726476505524,2

2026-03-15 17:58:24.301241,Router 1,15.7,89.0,23.835307328243665,0.005082,0.014719,0.29150125693153367,2

2026-03-15 17:58:25.331920,Router 1,20.5,89.0,24.491677347242412,5.8e-05,5.8e-05,0.4006613053182665,1

2026-03-15 17:58:26.368737,Router 1,6.4,89.0,23.53665596068144,0.000144,0.000144,0.25883588115877443,0

2026-03-15 17:58:27.400475,Router 1,15.9,89.0,24.56123939900599,5.8e-05,5.8e-05,0.22694081152979179,1

2026-03-15 17:58:28.426003,Router 1,26.2,89.0,16.44696729009222,0.00022,0.000166,0.2428900136185174,2

2026-03-15 17:58:29.454510,Router 1,22.6,89.2,26.715181012286855,0.00019,0.00019,0.29958020699730803,0

2026-03-15 17:58:30.485548,Router 1,16.3,89.0,14.092036205765702,0.000199,0.000202,0.2698011454682331,0

2026-03-15 17:58:31.520898,Router 1,15.8,89.2,26.362547050790745,5.8e-05,5.8e-05,0.31904282838490383,1

2026-03-15 17:58:32.551895,Router 1,15.5,89.2,23.72128860278475,0.010758,0.000831,0.44282391298556134,0

2026-03-15 17:58:33.585484,Router 1,16.8,89.2,26.868371839340526,0.016999,0.008185,0.17581259578413247,2

2026-03-15 17:58:34.619909,Router 1,15.3,89.0,21.95759378946665,0.000541,0.007768,0.27441268344701625,2

2026-03-15 17:58:35.654740,Router 1,13.7,89.0,19.05599373353366,5.8e-05,5.8e-05,0.26547646869637587,0

2026-03-15 17:58:36.675041,Router 1,11.5,89.1,20.14635429996451,5.8e-05,5.8e-05,0.2798437534440738,2

2026-03-15 17:58:37.719706,Router 1,21.5,89.3,23.638542485468278,5.8e-05,5.8e-05,0.3712655590295393,1

2026-03-15 17:58:38.737783,Router 1,27.9,89.3,20.135494387617445,0.00022,0.000108,0.47977404995328016,1

2026-03-15 17:58:39.761744,Router 1,20.7,89.4,22.896172940741003,0.005059,0.000397,0.2619856611921813,2

2026-03-15 17:58:40.791097,Router 1,20.6,89.1,25.74454487281021,0.004708,0.014611,0.10919858457311529,2

2026-03-15 17:58:41.819531,Router 1,18.4,89.2,27.68635940136109,5.8e-05,5.8e-05,0.5101156479615061,0

2026-03-15 17:58:42.846135,Router 1,16.5,89.2,20.97073165502143,5.8e-05,5.8e-05,0.29968485944110457,0

2026-03-15 17:58:43.876460,Router 1,17.4,89.1,22.025844583562467,0.003264,0.000265,0.21556496507582107,1

2026-03-15 17:58:44.906336,Router 1,16.9,89.2,31.244464807343793,0.00039,0.000171,0.49448160551626796,1

2026-03-15 17:58:45.931260,Router 1,14.2,89.0,23.176178199877057,0.00027,0.000112,0.4299628241958504,0

2026-03-15 17:58:46.964586,Router 1,13.5,89.0,21.413975231813275,0.00027,5.8e-05,0.16445139183975982,1

2026-03-15 17:58:47.994347,Router 1,15.8,89.2,23.40476620023684,0.000378,5.8e-05,0.2964274989806414,1

2026-03-15 17:58:49.025181,Router 1,10.8,89.3,20.068486987747924,0.000112,0.000166,0.21765930483087387,0

2026-03-15 17:58:50.051664,Router 1,19.5,90.0,24.307979675355465,5.8e-05,5.8e-05,0.3020649404209674,0

2026-03-15 17:58:51.082172,Router 1,20.4,90.0,29.47958430007549,5.8e-05,5.8e-05,0.08770124659907863,2

2026-03-15 17:58:52.112769,Router 1,19.8,90.0,21.785754311941755,5.8e-05,5.8e-05,0.27465591161419756,2

2026-03-15 17:58:53.140471,Router 1,8.8,89.7,27.343381960062995,0.018733,0.001268,0.3103701697420565,2

2026-03-15 17:58:54.172582,Router 1,13.9,89.7,22.734285730986784,0.009562,0.00724,0.33311424194447387,1

2026-03-15 17:58:55.204143,Router 1,17.5,90.0,15.452167086233862,0.000541,0.007822,0.3578377348459125,2

2026-03-15 17:58:56.230288,Router 1,13.6,90.0,26.801188879633468,5.8e-05,5.8e-05,0.36196084621832797,1

2026-03-15 17:58:57.262738,Router 1,14.5,90.0,15.676383828064889,0.000264,0.000388,0.4215176348941108,2

2026-03-15 17:58:58.291938,Router 1,5.6,89.9,28.445263557573746,0.002476,0.001593,0.4333916713482646,2

2026-03-15 17:58:59.321291,Router 1,12.4,89.9,17.380671711457396,5.8e-05,0.000136,0.32701270986994485,0

2026-03-15 17:59:00.349454,Router 1,12.9,89.9,25.253239070757857,5.8e-05,5.8e-05,0.4757294063526043,0

2026-03-15 17:59:01.382666,Router 1,13.5,89.9,27.17149002511559,5.8e-05,5.8e-05,0.3241544593671013,2

2026-03-15 17:59:02.411759,Router 1,15.0,90.0,28.604487089354464,0.000144,0.000214,0.31325850823371815,1

2026-03-15 17:59:03.442226,Router 1,7.1,90.0,24.7416397585514,0.000144,0.000144,0.5154549556424408,0

2026-03-15 17:59:04.467401,Router 1,34.8,84.2,26.135225645029625,0.009562,0.00724,0.4403556958304975,0

2026-03-15 17:59:05.496181,Router 1,15.9,83.6,26.42022514471339,0.000541,0.007768,0.26460207899363797,0

2026-03-15 17:59:06.526284,Router 1,15.5,83.5,19.155129244427002,5.8e-05,5.8e-05,0.3811735410428886,0

2026-03-15 17:59:07.542807,Router 1,12.4,83.5,29.71584077680967,5.8e-05,5.8e-05,0.4045863581664394,0

2026-03-15 17:59:08.574923,Router 1,8.8,83.5,18.299636091291166,5.8e-05,5.8e-05,0.43804953683203407,0

2026-03-15 17:59:09.601540,Router 1,9.7,83.6,29.927114913853654,5.8e-05,5.8e-05,0.21702671620049185,0

2026-03-15 17:59:10.631561,Router 1,13.6,83.7,29.626504257855668,5.8e-05,5.8e-05,0.37230435355619673,0

2026-03-15 17:59:11.660869,Router 1,13.7,83.6,31.064658971667242,5.8e-05,5.8e-05,0.21019378036908665,0

2026-03-15 17:59:12.692099,Router 1,21.0,83.7,24.367238153094615,5.8e-05,5.8e-05,0.3698427208480193,1

2026-03-15 17:59:13.719190,Router 1,10.1,83.8,31.626822198266,5.8e-05,5.8e-05,0.2586810487160418,2

2026-03-15 17:59:14.748177,Router 1,31.1,83.8,20.179244981498588,0.005349,0.000851,0.22525094011514057,0

2026-03-15 17:59:15.782209,Router 1,38.3,84.2,26.532709954955063,0.003353,0.013616,0.22253763158269285,2

2026-03-15 17:59:16.814374,Router 1,46.8,83.5,12.315324316688113,0.00412,0.002644,0.39149904465314017,1

2026-03-15 17:59:17.844605,Router 1,14.1,83.4,17.666861998813204,0.000178,0.000418,0.41277879297010245,1

2026-03-15 17:59:18.874050,Router 1,13.6,83.6,24.17612520600084,0.006438,0.006969,0.37268026123327813,0

2026-03-15 17:59:19.904309,Router 1,11.6,83.4,24.3709590559742,0.000144,0.000136,0.2911455887595363,2

2026-03-15 17:59:20.935032,Router 1,13.8,83.5,23.898721383658035,5.8e-05,5.8e-05,0.39578717052062734,2

2026-03-15 17:59:21.966652,Router 1,22.2,83.5,19.970635369252975,5.8e-05,5.8e-05,0.4955045896667621,0

2026-03-15 17:59:23.002497,Router 1,16.7,83.4,24.760225652401544,0.000144,0.000144,0.2564656443224343,0

2026-03-15 17:59:24.023329,Router 1,26.9,83.6,25.733788018369527,0.046264,0.019211,0.2143327662342483,0

2026-03-15 17:59:25.058409,Router 1,19.2,83.7,35.37685717702347,0.014722,0.050278,0.251851278225269,2

2026-03-15 17:59:26.087851,Router 1,29.1,84.2,14.51328322413165,0.002009,0.001447,0.24597229883353283,2

2026-03-15 17:59:27.118298,Router 1,24.6,84.2,19.90385077496107,0.031238,0.006987,0.08752400805286426,2

2026-03-15 17:59:28.151042,Router 1,19.7,84.2,28.144680988466742,0.00023,0.000222,0.29918304320489475,1

2026-03-15 17:59:29.175714,Router 1,18.9,84.1,22.272705159195105,0.001924,0.001161,0.1532254739358987,1

2026-03-15 17:59:30.207415,Router 1,19.2,84.1,23.754681724137935,0.000113,0.000124,0.15017810499504364,2

2026-03-15 17:59:31.239392,Router 1,13.4,84.2,37.21563168128489,5.8e-05,5.8e-05,0.329174902567087,2

2026-03-15 17:59:32.257348,Router 1,13.5,84.3,30.39683862628294,5.8e-05,0.0002,0.211711841287827,2

2026-03-15 17:59:33.291555,Router 1,21.6,84.1,25.548072371472113,5.8e-05,5.8e-05,0.21439816289460642,0

2026-03-15 17:59:34.320279,Router 1,11.3,84.1,22.847790249198948,0.009435,0.000373,0.33022121319062786,2

2026-03-15 17:59:35.347888,Router 1,21.2,84.1,18.583847089518017,0.000112,0.000319,0.4724002810697403,0

2026-03-15 17:59:36.380131,Router 1,10.3,84.1,28.734107729783844,5.8e-05,5.8e-05,0.13498993158855335,2

2026-03-15 17:59:37.410283,Router 1,14.4,84.2,36.35452889295773,5.8e-05,5.8e-05,0.2261348842597518,0

2026-03-15 17:59:38.438580,Router 1,16.8,84.2,21.164225081118126,5.8e-05,5.8e-05,0.36025028497315054,2

2026-03-15 17:59:39.456216,Router 1,14.6,84.1,30.99333852678639,5.8e-05,5.8e-05,0.3796638043422912,1

2026-03-15 17:59:40.484264,Router 1,16.9,84.1,35.74841106630798,5.8e-05,5.8e-05,0.38698185192655293,0

2026-03-15 17:59:41.512635,Router 1,8.5,84.2,24.70829553455809,5.8e-05,5.8e-05,0.32714225125314467,0

2026-03-15 17:59:42.545853,Router 1,20.2,84.3,31.591902266608294,5.8e-05,5.8e-05,0.21888049676954532,0

2026-03-15 17:59:43.575022,Router 1,16.6,84.3,30.05006795026142,5.8e-05,5.8e-05,0.3597362188991262,0

2026-03-15 17:59:44.609426,Router 1,14.9,84.3,35.98483388771075,0.000206,0.000402,0.23614399620460685,0

2026-03-15 17:59:45.639543,Router 1,15.3,84.6,19.390839231428057,0.003242,0.000564,0.214057553576242,2

2026-03-15 17:59:46.667181,Router 1,4.1,84.3,33.14971467476168,0.00036,0.000688,0.48099228418017087,0

2026-03-15 17:59:47.701102,Router 1,12.6,84.3,17.688161689479227,0.005116,0.006727,0.19177513477218602,2

2026-03-15 17:59:48.730066,Router 1,13.6,84.3,22.060825885574218,0.000384,0.001062,0.33506153259530325,0

2026-03-15 17:59:49.775008,Router 1,14.3,84.3,27.161266466670856,0.000144,0.000144,0.23323455701892615,2

2026-03-15 17:59:50.809515,Router 1,17.5,84.1,29.36667634444801,0.000113,0.000124,0.33674573173284983,2

2026-03-15 17:59:51.826383,Router 1,6.5,84.2,19.561422399298166,5.8e-05,5.8e-05,0.31821518829732975,2

2026-03-15 17:59:52.855172,Router 1,17.0,84.1,26.70594601005633,5.8e-05,0.0,0.2726229603886054,1

2026-03-15 17:59:53.885288,Router 1,12.8,84.0,19.99810047698581,0.000144,0.000136,0.33485351680678793,1

2026-03-15 17:59:54.914119,Router 1,16.6,83.9,18.75407809358296,8.6e-05,0.000144,0.3684032302946081,1

2026-03-15 17:59:55.947570,Router 1,13.1,83.9,18.025759259939615,0.011995,0.001358,0.028359606834100992,2

2026-03-15 17:59:56.977897,Router 1,5.5,83.9,27.870571400999026,0.018717,0.001603,0.4019997867795202,0

2026-03-15 17:59:57.998087,Router 1,12.2,83.9,31.745730613849187,5.8e-05,5.8e-05,0.1329800930332969,1

2026-03-15 17:59:59.026442,Router 1,13.2,84.1,22.86739508830589,5.8e-05,5.8e-05,0.3752100454425939,2

2026-03-15 18:00:00.061683,Router 1,13.2,83.9,22.399793868295056,5.8e-05,5.8e-05,0.15447776345420594,1

2026-03-15 18:00:01.093199,Router 1,12.5,83.9,30.739563525391155,5.8e-05,5.8e-05,0.3061276907587685,2

2026-03-15 18:00:02.118981,Router 1,5.3,83.8,22.67247795801568,5.8e-05,5.8e-05,0.27657226838788096,2

2026-03-15 18:00:03.137799,Router 1,12.9,83.7,24.893601051813633,5.8e-05,5.8e-05,0.3159991684342937,2

2026-03-15 18:00:04.169457,Router 1,17.8,83.9,19.32101236149249,5.8e-05,5.8e-05,0.369519643662388,2

2026-03-15 18:00:05.201675,Router 1,15.5,83.9,18.395748907041188,5.8e-05,5.8e-05,0.17846903132350828,2

2026-03-15 18:00:06.229056,Router 1,12.8,83.7,25.01228857007372,0.003095,0.000319,0.3831198598104168,0

2026-03-15 18:00:07.259645,Router 1,10.8,83.7,19.053477343008783,5.8e-05,0.000112,0.2288558715311816,0

2026-03-15 18:00:08.288144,Router 1,13.2,83.7,27.02469424683781,5.8e-05,5.8e-05,0.3891841831254542,0

2026-03-15 18:00:09.320232,Router 1,15.8,83.8,26.18392055958794,5.8e-05,5.8e-05,0.3261190954835111,2

2026-03-15 18:00:10.354606,Router 1,17.2,83.9,24.767585636128548,5.8e-05,5.8e-05,0.2981249388844312,0

2026-03-15 18:00:11.381450,Router 1,14.9,83.8,27.42433823188562,5.8e-05,5.8e-05,0.3156434234726165,2

2026-03-15 18:00:12.399187,Router 1,7.3,83.7,34.119848352501485,5.8e-05,5.8e-05,0.39454433591315197,0

2026-03-15 18:00:13.420462,Router 1,14.8,83.7,27.068438512728612,5.8e-05,5.8e-05,0.3412465483987696,0

2026-03-15 18:00:14.464572,Router 1,13.5,83.9,21.13845164136209,5.8e-05,5.8e-05,0.17943405015987496,1

2026-03-15 18:00:15.493112,Router 1,16.3,83.8,26.593502278207875,0.000113,0.000124,0.4566640709815196,1

2026-03-15 18:00:16.527118,Router 1,16.4,83.8,26.338168293429842,0.037636,0.003116,0.32520952106336193,2

2026-03-15 18:00:17.559154,Router 1,14.4,83.9,20.288623896073414,0.009856,0.055347,0.39601121296999214,1

2026-03-15 18:00:18.589184,Router 1,14.9,84.1,24.8865876784624,0.000167,0.003102,0.12222407011534805,0

2026-03-15 18:00:19.623113,Router 1,19.7,84.0,28.019093663404597,0.00019,0.00019,0.4095811077549566,1

2026-03-15 18:00:20.654051,Router 1,14.9,84.0,29.49284404524331,5.8e-05,5.8e-05,0.19550849082599642,1

2026-03-15 18:00:21.687201,Router 1,15.4,84.0,27.46257448509812,0.00023,0.000222,0.23734344597212065,2

2026-03-15 18:00:22.714312,Router 1,5.4,84.0,23.169564647067148,5.8e-05,5.8e-05,0.20579978869706433,2

2026-03-15 18:00:23.732409,Router 1,13.6,83.9,21.027651510497282,5.8e-05,5.8e-05,0.38874627784224786,1

2026-03-15 18:00:24.760406,Router 1,13.4,83.9,18.9559320229434,0.000136,0.000112,0.3765657814686634,2

2026-03-15 18:00:25.790083,Router 1,15.3,83.9,27.206515258064872,5.8e-05,5.8e-05,0.13962567153955513,1

2026-03-15 18:00:26.823662,Router 1,12.5,83.8,24.857444699435643,0.00375,0.001396,0.2852444825890168,0

2026-03-15 18:00:27.849016,Router 1,5.6,84.1,27.971488784251534,5.8e-05,0.000112,0.3076655901259306,2

2026-03-15 18:00:28.879940,Router 1,17.1,83.8,29.648944450791817,5.8e-05,5.8e-05,0.3884601197545414,1

2026-03-15 18:00:29.914883,Router 1,18.1,84.0,26.891230306187275,5.8e-05,5.8e-05,0.46533512685644113,0

2026-03-15 18:00:30.948134,Router 1,13.7,84.0,30.621320731050726,5.8e-05,5.8e-05,0.20807182048496667,1

2026-03-15 18:00:31.976620,Router 1,12.5,84.0,24.67749849096676,5.8e-05,5.8e-05,0.319895195921018,0

2026-03-15 18:00:33.002259,Router 1,5.1,84.0,27.754885465935015,5.8e-05,5.8e-05,0.4159329065293744,0

2026-03-15 18:00:34.035020,Router 1,19.6,84.0,24.368926040403768,5.8e-05,5.8e-05,0.4978434763275552,1

2026-03-15 18:00:35.067746,Router 1,17.4,84.0,16.151168780645477,5.8e-05,5.8e-05,0.28936799004361,1

2026-03-15 18:00:36.100626,Router 1,14.9,84.0,17.694264379100453,0.000113,0.000124,0.3223909775019201,0

2026-03-15 18:00:37.119467,Router 1,14.3,83.9,25.358729142073678,0.003006,0.000112,0.42481263355821663,2

2026-03-15 18:00:38.142707,Router 1,3.9,83.9,28.004197897132418,0.000147,0.000265,0.389370388567959,1

2026-03-15 18:00:39.172785,Router 1,14.5,84.0,23.430066890830375,5.8e-05,5.8e-05,0.22161975184010352,0

2026-03-15 18:00:40.204565,Router 1,14.0,83.9,28.803702819271585,5.8e-05,5.8e-05,0.19354856585396224,1

2026-03-15 18:00:41.234124,Router 1,14.2,84.2,26.008863913466325,5.8e-05,5.8e-05,0.18603514556789924,2

2026-03-15 18:00:42.257843,Router 1,19.1,83.8,21.623793972429493,5.8e-05,5.8e-05,0.3707013437805937,2

2026-03-15 18:00:43.287683,Router 1,5.9,83.7,30.43937025924954,5.8e-05,5.8e-05,0.3114948193562879,2

2026-03-15 18:00:44.320048,Router 1,14.2,83.9,21.93139817515916,5.8e-05,5.8e-05,0.37545203774853436,2

2026-03-15 18:00:45.352072,Router 1,13.0,83.8,14.729315048072426,0.00027,5.8e-05,0.4467547283022121,0

2026-03-15 18:00:46.381660,Router 1,24.6,83.9,25.98891780550139,0.00027,5.8e-05,0.2337219977321612,2

2026-03-15 18:00:47.412236,Router 1,13.2,83.9,22.604291320018074,0.00358,0.000713,0.445988699243384,2

2026-03-15 18:00:48.437482,Router 1,6.5,84.0,24.438566180513025,0.011751,0.005233,0.37026058177681787,1

2026-03-15 18:00:49.469949,Router 1,17.0,84.0,33.211299604048094,5.8e-05,5.8e-05,0.3466054924158746,1

2026-03-15 18:00:50.501568,Router 1,15.6,83.9,24.09052635545675,5.8e-05,5.8e-05,0.4242398880964738,0

2026-03-15 18:00:51.533239,Router 1,13.1,83.9,32.599871858123095,5.8e-05,5.8e-05,0.4440949449784989,0

2026-03-15 18:00:52.564059,Router 1,16.6,83.9,26.58695834971451,0.000316,0.000308,0.07559503954179198,2

2026-03-15 18:00:53.597996,Router 1,9.9,84.1,29.23003185254415,5.8e-05,5.8e-05,0.24354098254452544,1

2026-03-15 18:00:54.629002,Router 1,24.6,84.5,32.98715545697968,0.000266,0.000282,0.25002527273819436,2

2026-03-15 18:00:55.656242,Router 1,18.4,84.8,23.11733551780636,0.0001,0.0001,0.4419318901086169,0

2026-03-15 18:00:56.674650,Router 1,14.9,84.7,21.612047259704582,5.8e-05,0.0,0.30157139575588715,1

2026-03-15 18:00:57.701376,Router 1,18.3,84.7,25.11956537651097,0.003253,0.00055,0.10339402612324139,1

2026-03-15 18:00:58.733199,Router 1,8.1,84.8,21.810957256942906,0.0,5.8e-05,0.18870465574463804,0

2026-03-15 18:00:59.753006,Router 1,15.7,84.8,20.532884981417382,5.8e-05,5.8e-05,0.2555730455312967,1

2026-03-15 18:01:00.777915,Router 1,23.4,84.9,27.611617616395527,0.000113,0.000124,0.265725138852872,0

2026-03-15 18:01:01.809348,Router 1,20.1,85.0,26.703770411987744,5.8e-05,5.8e-05,0.30547153860244086,2

2026-03-15 18:01:02.843282,Router 1,14.0,85.0,28.307203171699378,5.8e-05,5.8e-05,0.19953834343731863,1

2026-03-15 18:01:03.870065,Router 1,27.8,85.4,24.014222818479364,5.8e-05,5.8e-05,0.258681343537787,0

2026-03-15 18:01:04.887544,Router 1,12.0,85.4,23.76684188369356,5.8e-05,5.8e-05,0.41418523703026877,0

2026-03-15 18:01:05.917777,Router 1,22.6,85.4,13.375393777041069,0.002777,5.8e-05,0.3530293449624064,1

2026-03-15 18:01:06.946199,Router 1,14.8,85.4,25.678412996500395,0.000147,0.000319,0.28354709181793375,1

2026-03-15 18:01:07.977863,Router 1,15.2,85.3,19.615947153059295,0.003061,0.000265,0.24921949907806373,1

2026-03-15 18:01:09.007264,Router 1,17.6,85.3,16.221601484429392,5.8e-05,5.8e-05,0.47465225790180987,0

2026-03-15 18:01:10.025695,Router 1,6.5,85.2,26.450763820240784,5.8e-05,5.8e-05,0.19746384214497642,2

2026-03-15 18:01:11.056118,Router 1,13.0,85.2,31.63578150729118,5.8e-05,5.8e-05,0.30765669040051635,2

2026-03-15 18:01:12.075827,Router 1,12.9,85.2,16.325680271495948,5.8e-05,0.000112,0.3728249221133202,1

2026-03-15 18:01:13.094083,Router 1,13.5,85.2,29.1854815782268,5.8e-05,5.8e-05,0.30718845167379266,1

2026-03-15 18:01:14.111981,Router 1,10.7,85.2,24.66689035639053,0.00019,0.00019,0.34780687818324946,2

2026-03-15 18:01:15.129166,Router 1,17.6,85.2,24.75335673214333,5.8e-05,5.8e-05,0.3382769575931118,2

2026-03-15 18:01:16.149132,Router 1,18.5,85.2,30.27036962018631,5.8e-05,5.8e-05,0.23741805106185296,2
2026-03-15 18:01:17.179392,Router 1,29.1,88.5,31.521499792635524,5.8e-05,5.8e-05,0.363548603458306,0
2026-03-15 18:01:18.208071,Router 1,23.4,87.6,27.75459491547362,0.003007,0.000166,0.08318454627388491,0
2026-03-15 18:01:19.237483,Router 1,25.3,85.6,23.31229219270457,0.000225,0.000461,0.20033608998820823,1
2026-03-15 18:01:20.269529,Router 1,13.0,85.5,27.19493104543399,5.8e-05,5.8e-05,0.3433957161815704,0
2026-03-15 18:01:21.287617,Router 1,12.7,85.6,28.335086276936554,5.8e-05,5.8e-05,0.0937835934435858,2
2026-03-15 18:05:02.881663,Router 1,20.1,89.5,23.565478678814763,0.0,0.000273,0.291251642484143,0
2026-03-15 18:05:03.910632,Router 1,32.1,89.6,25.927187584287434,0.000328,0.000555,0.3231340858157972,2
2026-03-15 18:05:04.939791,Router 1,29.9,89.7,33.161117116609184,0.006459,0.001331,0.31657496763833576,1
2026-03-15 18:05:05.973140,Router 1,22.3,89.8,28.56197257609343,0.01365,0.020276,0.21896066800942854,2
2026-03-15 18:05:07.002344,Router 1,20.0,89.8,21.88647847151815,5.8e-05,5.8e-05,0.2629101111202484,2
2026-03-15 18:05:08.032490,Router 1,13.7,90.0,32.07284374798078,5.8e-05,5.8e-05,0.16947682947131237,0
2026-03-15 18:05:09.051899,Router 1,25.3,90.0,20.424529757863912,5.8e-05,5.8e-05,0.22553980616405184,2
2026-03-15 18:05:10.070680,Router 1,21.6,90.1,33.8968026898427,5.8e-05,5.8e-05,0.30332791285853455,0
2026-03-15 18:05:11.100284,Router 1,21.4,90.1,20.72973843488481,5.8e-05,5.8e-05,0.3808544663587479,1
2026-03-15 18:05:12.131217,Router 1,18.9,90.1,20.078486219317238,5.8e-05,5.8e-05,0.4092766563679714,1
2026-03-15 18:05:13.166244,Router 1,23.4,90.4,27.06703297927685,5.8e-05,5.8e-05,0.2876537920776898,1
2026-03-15 18:05:14.196295,Router 1,23.7,90.3,27.35072025480691,0.00022,0.000166,0.4108289397812992,0
2026-03-15 18:05:15.215019,Router 1,14.6,90.3,18.005741075081854,0.006046,0.000604,0.42641118104928816,1
2026-03-15 18:05:16.243923,Router 1,19.1,90.3,13.856861151174392,0.00425,0.014406,0.3914735207348857,2
2026-03-15 18:05:17.272806,Router 1,17.6,90.2,21.0498833042475,0.000516,0.002004,0.25864242454114755,1
2026-03-15 18:05:18.297996,Router 1,13.2,90.2,32.53347783184832,0.00221,0.00574,0.2122804325502961,1
2026-03-15 18:05:19.316307,Router 1,29.1,90.9,30.675309764874573,0.003253,0.010688,0.30135203622896706,2
2026-03-15 18:05:20.331223,Router 1,46.6,90.6,19.53556604222915,0.003545,0.006073,0.27583918154169024,1
2026-03-15 18:05:21.367327,Router 1,25.5,90.5,19.17176433691887,5.8e-05,0.000214,0.2278120479040094,0
2026-03-15 18:05:22.388790,Router 1,14.0,90.5,26.73492681773593,0.006481,0.000615,0.4008298455548173,0
2026-03-15 18:05:23.416547,Router 1,14.6,90.4,31.399979216484738,0.000166,5.8e-05,0.23782781736063546,1
2026-03-15 18:05:24.461287,Router 1,26.2,90.4,28.1755503001062,0.000296,0.000466,0.36350656272587795,0
2026-03-15 18:05:25.490700,Router 1,7.1,90.4,31.048131210092663,0.024583,0.014264,0.2227403117802389,2
2026-03-15 18:05:26.522001,Router 1,16.9,90.6,27.67948805576416,0.006238,0.014007,0.26585238033430997,2
2026-03-15 18:05:27.555621,Router 1,13.0,90.4,31.376003521306846,0.008663,0.000896,0.36634517583306253,0
2026-03-15 18:05:28.580472,Router 1,20.1,89.2,21.770502758906318,0.010451,0.0053,0.33092883631897596,2
2026-03-15 18:05:29.612032,Router 1,17.7,89.2,20.39435859307427,0.000244,0.001004,0.2859370383170955,0
2026-03-15 18:05:30.642664,Router 1,9.5,89.2,29.655770519966723,5.8e-05,5.8e-05,0.21690150320327073,2
2026-03-15 18:05:31.661391,Router 1,13.6,89.1,21.837813607480385,0.008584,0.000334,0.4039557645220466,2
2026-03-15 18:05:32.680595,Router 1,14.0,89.2,22.50732582563533,0.005538,0.005354,0.17074287109402247,1
2026-03-15 18:05:33.713490,Router 1,12.5,89.1,26.72733511815076,0.000352,0.000946,0.2470868656048041,2
2026-03-15 18:05:34.742559,Router 1,14.8,89.3,23.578489233967694,0.000112,0.000112,0.41139752560635057,2
2026-03-15 18:05:35.771632,Router 1,15.8,89.4,32.690258674105294,0.009377,0.007241,0.36325390113373934,2
2026-03-15 18:05:36.790566,Router 1,21.0,89.5,16.8256034555924,0.000541,0.007823,0.3015157462067284,1
2026-03-15 18:05:37.819817,Router 1,25.0,89.5,31.313444535018256,0.009759,0.000922,0.3799932111279134,1
2026-03-15 18:05:38.838254,Router 1,20.1,89.3,24.45375187903241,0.006853,0.020291,0.28760634468841295,1
2026-03-15 18:05:39.870970,Router 1,16.8,89.4,34.37505981511619,0.010827,0.00086,0.28943579838652883,1
2026-03-15 18:05:40.898417,Router 1,7.8,89.5,22.567346329867178,0.00705,0.01115,0.3370844667001826,1
2026-03-15 18:05:41.928402,Router 1,15.6,89.6,18.81697332704862,5.8e-05,5.8e-05,0.2659917317741995,1
2026-03-15 18:05:42.959029,Router 1,16.4,89.7,23.539966812277996,0.002116,0.014213,0.44824491349390716,2
2026-03-15 18:05:43.987338,Router 1,18.5,89.7,20.78021700698355,0.00038,0.000252,0.3270647982874149,1
2026-03-15 18:05:45.032376,Router 1,41.4,90.2,18.35428514216679,0.022504,0.010021,0.34324276575695883,2
2026-03-15 18:05:46.059757,Router 1,11.6,90.3,23.280114810751503,0.015253,0.016428,0.2132880631177158,0
2026-03-15 18:05:47.080820,Router 1,10.8,90.3,17.506725464984893,0.08063,0.016904,0.4295485036600354,0
2026-03-15 18:05:48.113764,Router 1,17.9,90.3,19.928332733120506,0.01587,0.006757,0.15378719159000825,0
2026-03-15 18:05:49.131597,Router 1,18.1,90.5,25.625754753084276,0.025575,0.002137,0.3611650430116323,2
2026-03-15 18:05:50.154799,Router 1,18.9,90.8,22.245366117714937,0.021147,0.003099,0.3102370326040027,0
2026-03-15 18:05:51.188388,Router 1,21.2,90.8,31.394883542184928,0.042189,0.009763,0.35216689983653165,0
2026-03-15 18:05:52.222037,Router 1,18.8,90.9,25.06388523969974,0.00034,0.001902,0.21671425088379803,0
2026-03-15 18:05:53.253969,Router 1,35.7,91.4,32.73565901624289,0.064527,0.001874,0.2895103187301496,0
2026-03-15 18:05:54.284316,Router 1,18.1,91.2,21.04606531529567,0.061927,0.004684,0.18153713589385093,0
2026-03-15 18:05:55.305437,Router 1,24.0,91.3,33.90013877546891,0.035319,0.006076,0.30778300134037023,1
2026-03-15 18:05:56.325579,Router 1,13.9,91.2,25.93112546634839,0.000112,0.000368,0.2999602576646895,0
2026-03-15 18:05:57.348425,Router 1,15.4,91.5,24.098823418425756,0.023438,0.006017,0.4164334443969503,2
2026-03-15 18:05:58.374023,Router 1,10.6,90.7,34.23654135311452,0.000124,5.8e-05,0.37647748089813343,2
2026-03-15 18:05:59.401065,Router 1,14.6,89.7,21.869851617147212,0.000867,0.000424,0.3655084596927929,1
2026-03-15 18:06:00.430206,Router 1,13.7,89.8,28.46918082540359,0.051672,0.007039,0.29765584578382576,1
2026-03-15 18:06:01.455861,Router 1,24.1,89.9,18.478356388083835,0.003684,0.001539,0.3107110274286128,0
2026-03-15 18:06:02.486326,Router 1,22.9,89.9,21.01754482803847,5.8e-05,0.000112,0.3289847468753491,1
2026-03-15 18:06:03.508483,Router 1,18.8,90.1,22.585775864155053,0.075328,0.000382,0.36377690983927985,2
2026-03-15 18:06:04.548040,Router 1,28.6,90.4,34.98542122600962,0.033628,0.004469,0.3129585912919192,0
2026-03-15 18:06:05.569131,Router 1,37.2,90.3,16.93875772332718,0.094782,0.017865,0.29699429240101927,0
2026-03-15 18:06:06.588854,Router 1,17.7,90.3,15.216311724146228,0.094598,0.00767,0.41221418558137923,1
2026-03-15 18:06:07.619461,Router 1,25.4,90.5,30.994449000924984,0.092329,0.004379,0.31749722411388476,2
2026-03-15 18:06:08.646135,Router 1,15.7,90.4,41.41629694818977,0.067851,0.024589,0.2239524179015161,2
2026-03-15 18:06:09.664006,Router 1,17.6,91.9,22.59249481692345,0.013682,0.006484,0.3336868457969972,2
2026-03-15 18:06:10.703082,Router 1,18.7,91.9,24.106507215144703,0.044963,0.005363,0.2651041658563139,2
2026-03-15 18:06:11.734391,Router 1,29.5,90.1,27.75929935805032,0.046533,0.006332,0.21290806855197464,1
2026-03-15 18:06:12.764824,Router 1,19.4,87.9,25.850778625332467,0.03882,0.003697,0.373390727124695,1
2026-03-15 18:06:13.796340,Router 1,11.0,88.1,25.148609571523366,0.000436,0.000799,0.2575024493393865,1
2026-03-15 18:06:14.822925,Router 1,16.0,88.2,22.67626920537212,0.00023,0.000222,0.22824722564608962,1
2026-03-15 18:06:15.851879,Router 1,19.2,89.0,27.515950500713465,0.034823,0.004935,0.2641490930150971,0
2026-03-15 18:06:16.881852,Router 1,14.3,88.9,18.599236455491614,0.037945,0.029509,0.1501880943597701,2
2026-03-15 18:06:17.906997,Router 1,23.0,89.8,22.478011638338767,0.070474,0.050047,0.29411122808832213,0
2026-03-15 18:06:18.934344,Router 1,23.8,89.9,24.081562815828253,0.036761,0.003148,0.1841976762988714,0
2026-03-15 18:06:19.964432,Router 1,20.4,89.9,35.195451213881846,0.009561,0.037958,0.324238948320011,0
2026-03-15 18:06:20.993963,Router 1,18.4,90.1,30.310132209307262,0.035216,0.026149,0.3958236934528569,1
2026-03-15 18:06:22.022689,Router 1,20.2,90.3,23.668470342233004,0.096324,0.003256,0.15393541537660727,0
2026-03-15 18:06:23.042835,Router 1,31.0,90.3,23.997229047322755,0.094728,0.010145,0.3058698244888239,2
2026-03-15 18:06:24.073670,Router 1,17.3,90.2,23.459816423077374,0.097012,0.016981,0.307331541933829,2
2026-03-15 18:06:25.100209,Router 1,15.0,90.4,23.40899760551162,0.094694,0.006979,0.4652605781325864,2
2026-03-15 18:06:26.145051,Router 1,22.1,90.4,29.754612682364183,0.098817,0.007923,0.3788211869636221,0
2026-03-15 18:06:27.173728,Router 1,25.1,90.4,21.213910097109704,0.096124,0.013704,0.3860240912581333,0
2026-03-15 18:06:28.204485,Router 1,24.7,90.9,18.51553219495385,0.097994,0.013818,0.28912260891543656,1
2026-03-15 18:06:29.234148,Router 1,15.7,90.8,27.96968358320979,0.037469,0.059789,0.17054427786144855,0
2026-03-15 18:06:30.260301,Router 1,14.3,91.0,19.437594007090855,0.01518,0.003611,0.11555803525533731,0
2026-03-15 18:06:31.284795,Router 1,11.7,90.8,17.47731247330152,0.000288,0.001844,0.10773168431547117,2
2026-03-15 18:06:32.317132,Router 1,16.6,90.7,25.85454492796761,5.8e-05,5.8e-05,0.21187204572838791,2
2026-03-15 18:06:33.348795,Router 1,21.1,90.9,27.275336649698293,0.018288,0.002875,0.14594026398161092,2
2026-03-15 18:06:34.367794,Router 1,20.6,90.9,37.174917711686675,0.052593,0.013859,0.3424435349387466,2
2026-03-15 18:06:35.399961,Router 1,35.9,91.0,29.09206709759046,0.026335,0.00359,0.27629846039319583,1
2026-03-15 18:06:36.445261,Router 1,32.8,91.1,25.11970711698968,0.099045,0.017701,0.32651420188347396,2
2026-03-15 18:06:37.474631,Router 1,21.4,91.3,27.326313079041405,0.10017,0.0198,0.11433398437123238,0
2026-03-15 18:06:38.490727,Router 1,21.8,89.0,22.541274661425508,0.096316,0.010614,0.3017461240106445,2
2026-03-15 18:06:39.520925,Router 1,18.1,88.7,26.356864465504366,0.094938,0.006945,0.2748236137126009,2
2026-03-15 18:06:40.540161,Router 1,14.2,88.7,31.706242816940364,0.096483,0.009367,0.3469186510244061,0
2026-03-15 18:06:41.569004,Router 1,24.1,89.0,32.396334071374675,0.093981,0.006724,0.1748439123962031,2
2026-03-15 18:06:42.588479,Router 1,11.0,88.9,25.839795735652327,0.095364,0.009338,0.3812082797960914,1
2026-03-15 18:06:43.608060,Router 1,15.6,88.7,18.21658768512307,0.095806,0.006926,0.29455528995828245,2
2026-03-15 18:06:44.635556,Router 1,17.8,88.8,18.43853492067606,0.084285,0.004347,0.2847549739218584,0
2026-03-15 18:06:45.667882,Router 1,17.2,88.8,32.226081321429305,0.017412,0.007215,0.3619948415412464,0
2026-03-15 18:06:46.686685,Router 1,21.2,89.0,22.300550899275038,0.00027,0.000166,0.4345432917722071,0
2026-03-15 18:06:47.716157,Router 1,8.4,89.0,27.757585644571122,0.010771,0.002084,0.4735473181723807,0
2026-03-15 18:06:48.746252,Router 1,14.0,88.9,21.73170070709443,0.001177,0.000666,0.29006460555382085,0
2026-03-15 18:06:49.771718,Router 1,16.3,88.9,25.43783061631309,0.060197,0.008089,0.13536459191622568,1
2026-03-15 18:06:50.801935,Router 1,22.7,89.1,27.164670811140397,0.002547,0.009155,0.1770143316520542,2
2026-03-15 18:06:51.831715,Router 1,29.3,89.2,26.711159560473327,0.055133,0.007653,0.15716875870904698,0
2026-03-15 18:06:52.852001,Router 1,15.9,89.6,26.105042958177393,0.094838,0.003406,0.36359823679016784,1
2026-03-15 18:06:53.882039,Router 1,16.6,90.1,29.380823121944612,0.095148,0.004363,0.2928735957989446,0
2026-03-15 18:06:54.901184,Router 1,14.2,90.1,32.3751788042594,0.093879,0.003688,0.3981625252534862,2
2026-03-15 18:06:55.932428,Router 1,18.5,90.4,25.425668123843717,0.057229,0.003406,0.31978417710382034,2
2026-03-15 18:06:56.962468,Router 1,17.3,90.4,34.867922377226606,0.000298,0.000887,0.30828809103086324,2
2026-03-15 18:06:57.992435,Router 1,11.5,90.4,18.97480358962963,0.023048,0.012531,0.3803886402139118,2
2026-03-15 18:06:59.022791,Router 1,6.5,90.4,18.42888344337819,0.000727,0.008823,0.29778034337774384,2
2026-03-15 18:07:00.054250,Router 1,25.9,90.4,27.999448497802458,5.8e-05,5.8e-05,0.35440213024039335,0
2026-03-15 18:07:01.083809,Router 1,19.5,90.4,24.4271295935186,5.8e-05,5.8e-05,0.23598189123649527,1
2026-03-15 18:07:02.113897,Router 1,26.9,90.5,27.557444645016542,0.002931,0.000265,0.2666839895946676,2
2026-03-15 18:07:03.142823,Router 1,26.8,90.6,16.74173413987897,0.000198,0.000144,0.40698466805224665,1
2026-03-15 18:07:04.175950,Router 1,20.3,90.4,29.669950617791606,0.00022,0.000166,0.25561988656503704,1
2026-03-15 18:07:05.198945,Router 1,17.5,89.5,28.428004869654632,5.8e-05,5.8e-05,0.20881938944805822,1
2026-03-15 18:07:06.230821,Router 1,17.5,89.6,26.2381251935789,5.8e-05,5.8e-05,0.4102608315180269,1
2026-03-15 18:07:07.248336,Router 1,30.2,89.6,21.07766077715315,5.8e-05,5.8e-05,0.36789262953263524,2
2026-03-15 18:07:08.265511,Router 1,17.2,89.4,28.850218957388314,0.012521,0.007022,0.22267548187629804,2
2026-03-15 18:07:09.285106,Router 1,18.0,89.4,24.938565588926476,0.000435,0.00114,0.2938355347821852,2
2026-03-15 18:07:10.306528,Router 1,8.6,89.3,23.162747804479952,0.00664,0.007502,0.2517007099957902,1
2026-03-15 18:07:11.336899,Router 1,17.4,89.3,24.827353551288237,0.009564,0.001471,0.20959779690958957,0
2026-03-15 18:07:12.362328,Router 1,16.2,89.3,34.542838678074844,0.00501,0.005757,0.21831068210945187,2
2026-03-15 18:07:13.392306,Router 1,16.7,89.4,15.70830894628027,5.8e-05,5.8e-05,0.1743971111495943,0
2026-03-15 18:07:14.423806,Router 1,15.5,89.5,13.37724746713902,0.000252,0.00019,0.4085767316891787,2
2026-03-15 18:07:15.455725,Router 1,9.1,89.4,19.72801595521967,5.8e-05,0.0,0.43763554940671945,1
2026-03-15 18:07:16.499945,Router 1,13.5,89.5,23.12188565309892,5.8e-05,5.8e-05,0.14713745373976186,1
2026-03-15 18:07:17.516501,Router 1,18.6,89.6,28.07947260774167,0.0,5.8e-05,0.34587031128407275,0
2026-03-15 18:07:18.547432,Router 1,13.9,89.5,19.564898935877768,0.009605,0.007503,0.34007300877601443,1
2026-03-15 18:07:19.579168,Router 1,17.2,89.5,22.593207839776422,0.000595,0.008151,0.4146070581322973,1
2026-03-15 18:07:20.595123,Router 1,6.1,89.5,22.464857002705763,0.000175,0.000186,0.3145177022827108,1
2026-03-15 18:07:21.624728,Router 1,14.0,89.6,22.831738824819425,0.0001,0.0001,0.22763223601817817,2
2026-03-15 18:07:22.642837,Router 1,14.5,89.5,29.367928581462863,0.006512,0.007128,0.18082276895142224,1
2026-03-15 18:07:23.673027,Router 1,17.4,89.5,29.570901939922326,0.000166,5.8e-05,0.27428031201722264,2
2026-03-15 18:07:24.703785,Router 1,13.6,89.6,32.27719889091296,0.000112,0.000166,0.35179953808077274,2
2026-03-15 18:07:25.726675,Router 1,4.6,89.6,26.640265198539968,0.000144,0.000144,0.3467963398581421,2
2026-03-15 18:07:26.757041,Router 1,15.2,89.5,23.57150877307322,5.8e-05,5.8e-05,0.29126030121509383,2
2026-03-15 18:07:27.787674,Router 1,21.4,89.6,34.91093340823775,0.000144,0.000286,0.26690463186321367,2
2026-03-15 18:07:28.815850,Router 1,17.9,89.6,28.641726713192746,0.016285,0.007373,0.4092474229095475,2
2026-03-15 18:07:29.841151,Router 1,13.7,89.7,28.033371408716928,0.000649,0.007976,0.2135718157987307,2
2026-03-15 18:07:30.871617,Router 1,4.9,89.6,29.279201218669947,0.000199,0.000202,0.3281096733977138,2
2026-03-15 18:07:31.903732,Router 1,12.8,89.5,20.376491104222772,0.000608,0.000344,0.38624245161025333,0
2026-03-15 18:07:32.933337,Router 1,14.2,89.5,31.32360125852752,0.001298,0.000799,0.3892021066760666,2
2026-03-15 18:07:33.962965,Router 1,12.9,89.5,24.433198568714438,0.00022,0.000166,0.4420439465436779,1
2026-03-15 18:07:34.995122,Router 1,11.1,89.6,33.778018921020276,0.000166,0.000112,0.25974355889339107,2
2026-03-15 18:07:36.014479,Router 1,4.7,89.5,29.384923237124195,5.8e-05,5.8e-05,0.3695976293609104,2
2026-03-15 18:07:37.045025,Router 1,14.9,89.7,29.34637869619619,5.8e-05,5.8e-05,0.35415175540640215,2
2026-03-15 18:07:38.073997,Router 1,19.4,89.6,23.451255759257172,5.8e-05,5.8e-05,0.32206352473731104,1
2026-03-15 18:07:39.108020,Router 1,14.2,89.5,25.70459506133377,0.006763,0.006968,0.44598380292760925,1
2026-03-15 18:07:40.139375,Router 1,11.6,89.4,27.650097728936046,0.000449,0.000991,0.3051257827936502,1
2026-03-15 18:07:41.167581,Router 1,5.7,89.4,23.036380413420154,5.8e-05,5.8e-05,0.342643019295136,0
2026-03-15 18:07:42.197349,Router 1,15.1,89.6,23.471680863828105,0.001149,0.000849,0.32944665224148745,1
2026-03-15 18:07:43.227910,Router 1,12.4,89.6,29.54799322337263,0.004732,0.007489,0.1711166349478541,2
2026-03-15 18:07:44.260336,Router 1,15.5,89.5,28.47729838161039,0.000166,0.000112,0.3347538348805832,0
2026-03-15 18:07:45.293647,Router 1,11.2,89.6,28.911213038699966,0.000136,0.000112,0.43114847460309047,0
2026-03-15 18:07:46.324619,Router 1,14.1,88.4,31.638729074922075,0.000124,5.8e-05,0.1571210276282516,0
2026-03-15 18:07:47.353904,Router 1,13.8,88.5,23.955283581394642,0.000144,0.000136,0.4164361424827858,2
2026-03-15 18:07:48.370001,Router 1,20.1,88.3,21.661583252183988,5.8e-05,5.8e-05,0.3374082221279446,0
2026-03-15 18:07:49.401820,Router 1,12.5,88.3,22.734696065662718,0.003324,0.001115,0.36396422237797166,2
2026-03-15 18:07:50.431444,Router 1,10.4,88.5,20.948117509955168,0.00396,0.007712,0.19182192068607523,0
2026-03-15 18:07:51.458122,Router 1,5.9,88.4,23.552810555810535,0.000112,5.8e-05,0.35375995615985745,0
2026-03-15 18:07:52.487579,Router 1,14.4,88.4,20.55449163456874,0.000144,0.000144,0.28403870646536317,0
2026-03-15 18:07:53.518495,Router 1,17.2,88.1,17.00399777146255,0.000124,5.8e-05,0.36239938812599937,2
2026-03-15 18:07:54.543716,Router 1,14.0,88.1,32.25043047961777,0.00303,0.000385,0.37311255189732856,0
2026-03-15 18:07:55.558938,Router 1,11.7,88.2,29.764517145529354,0.000348,0.006968,0.24274323840485107,1
2026-03-15 18:07:56.590560,Router 1,6.8,88.2,22.09014699956822,5.8e-05,0.000132,0.34919512366143535,1
2026-03-15 18:07:57.621487,Router 1,19.0,88.4,38.45769429854501,5.8e-05,5.8e-05,0.3079113368231606,1
2026-03-15 18:07:58.647978,Router 1,28.0,88.5,24.946970474768314,0.000355,0.000278,0.26559357922238985,0
2026-03-15 18:07:59.681565,Router 1,25.3,88.6,26.639496017538843,0.010532,0.0742,0.30115842638893275,0
2026-03-15 18:08:00.711638,Router 1,22.7,88.6,26.91982405089905,5.8e-05,5.8e-05,0.36582814411986153,1
2026-03-15 18:08:01.731608,Router 1,17.1,88.7,17.80248361506841,0.001101,0.005147,0.06621967116077443,2
2026-03-15 18:08:02.749410,Router 1,18.1,88.6,17.07890003597476,0.096408,0.003959,0.35460189267119474,0
2026-03-15 18:08:03.769992,Router 1,26.6,88.8,31.60738445348158,0.093484,0.003936,0.33305594028416846,1
2026-03-15 18:08:04.799968,Router 1,24.2,88.6,34.87817817839529,0.062361,0.00348,0.2853788870596482,0
2026-03-15 18:08:05.831608,Router 1,21.9,88.5,17.78180094050255,0.000384,0.000969,0.34500372353264275,1
2026-03-15 18:08:06.868308,Router 1,22.9,88.5,24.537970664702495,5.8e-05,5.8e-05,0.41658973769202107,1
2026-03-15 18:08:07.902143,Router 1,15.2,88.5,20.626752880635003,0.000133,0.000144,0.4085825985965313,1
2026-03-15 18:08:08.929931,Router 1,25.9,88.6,22.043341049544154,5.8e-05,5.8e-05,0.21512952773532523,2
2026-03-15 18:08:09.962753,Router 1,21.5,88.5,24.402762303099053,0.009563,0.007241,0.49217241073043905,0
2026-03-15 18:08:10.984002,Router 1,22.9,88.6,19.809915311723884,0.000541,0.007769,0.2997117582373815,2
2026-03-15 18:08:12.016353,Router 1,22.8,88.5,18.966364800410293,0.006579,0.007192,0.44596305177713275,0
2026-03-15 18:08:13.036210,Router 1,23.7,88.6,27.076619044683742,0.000585,0.007601,0.4765947206780911,2
2026-03-15 18:08:14.059409,Router 1,13.4,88.5,26.577592281787553,0.000701,0.00098,0.3145168365795092,0
2026-03-15 18:08:15.095705,Router 1,23.3,88.5,17.655491470879493,0.000113,0.000124,0.5370226042769335,0
2026-03-15 18:08:16.116726,Router 1,25.4,88.6,28.183123481873217,0.000323,0.000234,0.37475265974878486,0
2026-03-15 18:08:17.148275,Router 1,22.9,88.9,18.993334279594254,0.014569,0.006688,0.43355083545907025,1
2026-03-15 18:08:18.177806,Router 1,19.4,88.6,26.070511515284018,0.10437,0.003024,0.3432709557791761,1
2026-03-15 18:08:19.209030,Router 1,14.2,88.4,27.374922565849026,0.094904,0.003688,0.39145341585335586,2
2026-03-15 18:08:20.239238,Router 1,16.9,88.5,21.362501426001486,0.079907,0.003688,0.18102682102666282,1
2026-03-15 18:08:21.265672,Router 1,36.3,89.2,26.226194120358794,0.019198,0.033482,0.053463031543440453,1
2026-03-15 18:08:22.281060,Router 1,34.6,88.9,23.658437281926602,0.003114,0.006859,0.5452132956083409,1
2026-03-15 18:08:23.299888,Router 1,14.0,88.6,23.52323737865046,5.8e-05,5.8e-05,0.3364981168070666,1
2026-03-15 18:08:24.329980,Router 1,16.4,88.4,23.973103209742124,0.000166,0.000112,0.39710567314093403,2
2026-03-15 18:08:25.356522,Router 1,5.2,88.4,21.764731470298177,0.000237,5.8e-05,0.3831201975091339,1
2026-03-15 18:08:26.387084,Router 1,15.4,88.7,31.58405933901528,5.8e-05,5.8e-05,0.2842726516261244,2
2026-03-15 18:08:27.418722,Router 1,17.8,88.8,30.16836722235447,5.8e-05,5.8e-05,0.4072570771553441,0
2026-03-15 18:08:28.447792,Router 1,13.6,88.7,28.008974154870153,0.000237,5.8e-05,0.2610235378206601,0
2026-03-15 18:08:29.464932,Router 1,16.7,88.9,28.008719195481383,5.8e-05,0.0002,0.441206625262608,1
2026-03-15 18:08:30.492179,Router 1,3.6,88.9,27.58098595202957,0.009647,0.007241,0.30909195782822874,2
2026-03-15 18:08:31.523379,Router 1,10.4,88.8,20.390138982461913,0.000692,0.009297,0.2967303300388301,2
2026-03-15 18:08:32.555311,Router 1,13.8,88.8,34.46347812654395,5.8e-05,5.8e-05,0.1000433081941115,0
2026-03-15 18:08:33.575189,Router 1,15.8,89.7,26.337773291280783,5.8e-05,5.8e-05,0.3554247148365216,0
2026-03-15 18:08:34.601073,Router 1,11.5,89.6,23.782958612653143,0.000298,0.000166,0.3522876652914102,2
2026-03-15 18:08:35.629178,Router 1,7.5,89.6,25.265297055860575,0.000112,0.00019,0.4344451222536324,0
2026-03-15 18:08:36.662980,Router 1,16.4,87.6,30.125578452386925,0.000242,0.000339,0.13829318937367613,2
2026-03-15 18:08:37.692695,Router 1,14.4,87.7,30.643945619807127,0.041519,0.006835,0.34904629592702874,2
2026-03-15 18:08:38.725269,Router 1,15.0,87.7,21.35921174415893,0.107024,0.00346,0.39180953633605603,1
2026-03-15 18:08:39.744872,Router 1,17.9,87.7,19.853105430299383,0.094838,0.003804,0.23136108876106926,0
2026-03-15 18:08:40.777859,Router 1,6.0,87.7,25.212739875629776,0.093574,0.003754,0.39868479977265303,1
2026-03-15 18:08:41.806105,Router 1,14.4,87.7,29.750759457629393,0.009973,0.015477,0.2296544186861095,2
2026-03-15 18:08:42.837031,Router 1,12.4,87.7,30.257869111756555,0.000305,0.001132,0.3358441401324895,0
2026-03-15 18:08:43.864060,Router 1,14.0,87.7,15.869314819660987,0.000166,5.8e-05,0.16158603018499376,1
2026-03-15 18:08:44.893108,Router 1,12.8,87.7,29.112363895372745,0.00041,0.000252,0.24544285318714196,1
2026-03-15 18:08:45.926187,Router 1,8.6,87.8,23.600928842251424,0.00027,0.0002,0.4456715395196281,0
2026-03-15 18:08:46.941720,Router 1,13.8,87.7,24.494278910658636,0.00027,5.8e-05,0.4122023872856913,2
2026-03-15 18:08:47.972093,Router 1,18.7,87.7,26.21881162258105,0.00027,5.8e-05,0.44913976882509415,2
2026-03-15 18:08:49.002032,Router 1,18.9,87.7,27.100262308531786,5.8e-05,5.8e-05,0.37916009916922105,0
2026-03-15 18:08:50.029834,Router 1,14.4,87.8,36.60091117091455,0.000144,0.000136,0.46855049352504724,1
2026-03-15 18:08:51.062313,Router 1,8.8,87.8,17.983689038433308,0.005389,0.001332,0.06433884785448704,0
2026-03-15 18:08:52.092273,Router 1,14.2,87.8,21.93976305933475,0.005968,0.015039,0.44531800093589047,0
2026-03-15 18:08:53.126366,Router 1,13.5,87.8,26.78050193651365,0.066566,0.007525,0.2650139844803266,2
2026-03-15 18:08:54.144791,Router 1,19.0,87.8,18.682236686440472,0.09478,0.003406,0.17479918083998142,0
2026-03-15 18:08:55.174264,Router 1,9.5,87.8,30.938083098892257,0.062243,0.004328,0.24209095958273696,0
2026-03-15 18:08:56.204788,Router 1,9.5,87.9,26.574300325679797,8.6e-05,0.000198,0.3267436521522173,2
2026-03-15 18:08:57.237166,Router 1,14.2,88.0,23.994176847242496,0.000178,5.8e-05,0.3296273166161506,1
2026-03-15 18:08:58.266223,Router 1,14.4,88.0,33.62103490677128,0.002228,0.001651,0.3540747382470712,2
2026-03-15 18:08:59.297246,Router 1,14.1,88.1,18.00222805282712,5.8e-05,5.8e-05,0.35775594700473823,2
2026-03-15 18:09:00.319302,Router 1,12.4,88.1,25.272317969802714,0.000113,0.000202,0.21551032062510864,1
2026-03-15 18:09:01.337071,Router 1,9.9,88.1,17.09268255022502,0.005021,0.000604,0.42604164926007587,2
2026-03-15 18:09:02.365520,Router 1,14.2,88.2,22.057787372621153,0.005019,0.014484,0.31385746276839677,2
2026-03-15 18:09:03.397417,Router 1,12.0,88.1,30.627773473088787,0.000274,0.000351,0.3536742500878901,2
2026-03-15 18:09:04.415335,Router 1,15.6,88.1,36.567926701597735,0.00022,0.000166,0.39546053683694654,0
2026-03-15 18:09:05.444419,Router 1,14.4,85.9,19.144384520162788,5.8e-05,5.8e-05,0.20843189016039382,0
2026-03-15 18:09:06.475833,Router 1,10.0,85.9,27.414562704561696,5.8e-05,5.8e-05,0.3560857861195185,1
2026-03-15 18:09:07.493315,Router 1,12.4,85.9,30.055664584463656,5.8e-05,5.8e-05,0.2395386481954505,0
2026-03-15 18:09:08.519369,Router 1,15.4,85.9,25.3653598086616,5.8e-05,5.8e-05,0.3236764303583888,1
2026-03-15 18:09:09.537477,Router 1,15.3,85.9,27.278943214888695,5.8e-05,5.8e-05,0.24846933504754193,2
2026-03-15 18:09:10.567355,Router 1,10.2,85.9,24.790080843837774,5.8e-05,5.8e-05,0.2776910830069529,2
2026-03-15 18:09:11.598802,Router 1,12.9,86.0,15.351784846258868,0.009563,0.007241,0.22268428327953899,0
2026-03-15 18:09:12.630478,Router 1,16.8,85.9,22.346839777890445,0.000541,0.007769,0.25103777529539795,1
2026-03-15 18:09:13.647128,Router 1,15.6,85.9,28.091564405084398,5.8e-05,5.8e-05,0.2838917444472043,1
2026-03-15 18:09:14.678235,Router 1,13.5,86.0,26.691512986441868,5.8e-05,5.8e-05,0.19057491067396937,2
2026-03-15 18:09:15.704094,Router 1,4.7,85.9,29.54529925732526,5.8e-05,5.8e-05,0.36662497459009835,2
2026-03-15 18:09:16.723307,Router 1,14.0,85.9,29.85717950658565,5.8e-05,5.8e-05,0.38913083144729343,0
2026-03-15 18:09:17.751179,Router 1,15.6,85.9,20.89935716979074,5.8e-05,5.8e-05,0.23273742184391163,1
2026-03-15 18:09:18.768044,Router 1,18.3,85.9,22.90244252993405,5.8e-05,5.8e-05,0.5051751086211804,0
2026-03-15 18:09:19.797053,Router 1,13.1,85.9,21.356103417284004,5.8e-05,0.000278,0.28113956298120785,0
2026-03-15 18:09:20.828608,Router 1,9.9,86.0,23.657246270533438,0.002995,0.011337,0.2790799420562912,0
2026-03-15 18:09:21.845499,Router 1,14.0,86.0,25.735267142539218,0.003097,0.000373,0.2628783040504987,0
2026-03-15 18:09:22.874848,Router 1,12.6,86.0,25.65794472862102,5.8e-05,5.8e-05,0.33045966481199984,0
2026-03-15 18:09:23.897409,Router 1,14.7,86.1,17.230095842390085,5.8e-05,5.8e-05,0.21893050666258396,2
2026-03-15 18:09:24.914047,Router 1,10.3,86.0,27.719739273897147,0.000144,0.000144,0.2516233840072449,1
2026-03-15 18:09:25.944792,Router 1,9.1,86.0,8.81368704724315,5.8e-05,5.8e-05,0.08037357609725698,2
2026-03-15 18:09:26.962961,Router 1,14.4,86.0,20.35442026356512,5.8e-05,5.8e-05,0.4125354851935087,1
2026-03-15 18:09:27.996046,Router 1,21.0,86.2,30.857949753234408,0.000242,0.000339,0.2817585033419515,2
2026-03-15 18:09:29.027401,Router 1,15.7,86.3,23.17706068793317,0.005882,0.0078,0.529526815338589,0
2026-03-15 18:09:30.056684,Router 1,11.1,86.3,24.647429992950126,0.013193,0.002729,0.16107569538344418,2
2026-03-15 18:09:31.075735,Router 1,11.2,86.4,19.6323224121088,0.004573,0.005659,0.3011913254737812,0
2026-03-15 18:09:32.092670,Router 1,13.0,86.3,18.455694436037724,0.000486,0.000927,0.19943180658149012,0
2026-03-15 18:09:33.124968,Router 1,20.6,86.5,28.768330503917298,0.003641,0.001609,0.2701360597947773,1
2026-03-15 18:09:34.150161,Router 1,16.0,86.5,20.70203715606369,5.8e-05,5.8e-05,0.3343073873143347,1
2026-03-15 18:09:35.180159,Router 1,11.6,86.3,26.563212830467926,0.000136,0.000112,0.38732186488612497,2
2026-03-15 18:09:36.211466,Router 1,10.7,85.9,29.805155234131202,5.8e-05,5.8e-05,0.20474589117555209,0
2026-03-15 18:09:37.241474,Router 1,17.8,85.9,26.734243030371566,5.8e-05,5.8e-05,0.30136973686623797,2
2026-03-15 18:09:38.258203,Router 1,13.8,85.7,30.21204951233865,5.8e-05,5.8e-05,0.006300689369846513,2
2026-03-15 18:09:39.290343,Router 1,12.9,85.9,18.378077636143814,5.8e-05,5.8e-05,0.11200547847622624,2
2026-03-15 18:09:40.321151,Router 1,9.5,85.6,23.402607516743938,5.8e-05,5.8e-05,0.3803666066511826,0
2026-03-15 18:09:41.350103,Router 1,10.5,85.7,27.501762465475487,5.8e-05,5.8e-05,0.22555115383322064,1
2026-03-15 18:09:42.379027,Router 1,14.1,85.6,20.500759141413063,0.003421,0.000801,0.30789204544112925,2
2026-03-15 18:09:43.397081,Router 1,17.7,85.6,23.702964400275995,0.003857,0.005824,0.30603883797037323,2
2026-03-15 18:09:44.426413,Router 1,14.3,85.6,28.6745066527715,5.8e-05,5.8e-05,0.3899550458400977,1
2026-03-15 18:09:45.459792,Router 1,11.0,85.7,20.8777089294281,0.000113,0.000124,0.420597512277441,0
2026-03-15 18:09:46.489591,Router 1,13.6,85.9,29.754401508999937,5.8e-05,5.8e-05,0.23364241863572616,2
2026-03-15 18:09:47.509508,Router 1,12.7,85.9,27.16603482308235,5.8e-05,5.8e-05,0.200274769931725,2
2026-03-15 18:09:48.537370,Router 1,13.5,85.9,25.655968515844243,5.8e-05,5.8e-05,0.39536520012589,2
2026-03-15 18:09:49.558036,Router 1,13.4,85.9,27.520786144720578,5.8e-05,5.8e-05,0.22055445522474515,0
2026-03-15 18:09:50.585886,Router 1,7.3,85.9,22.833616585008464,5.8e-05,5.8e-05,0.07622639178518892,1
2026-03-15 18:09:51.619222,Router 1,15.3,86.0,14.847397939242695,5.8e-05,5.8e-05,0.3431874015766625,0
2026-03-15 18:09:52.649219,Router 1,16.4,86.2,23.77533896263721,0.00373,0.001408,0.36110865106173123,1
2026-03-15 18:09:53.679022,Router 1,31.2,87.2,24.54426393294391,5.8e-05,5.8e-05,0.25743705988859206,1
2026-03-15 18:09:54.709947,Router 1,43.5,86.3,18.089902803565078,0.006848,0.015755,0.2931395670475834,2
2026-03-15 18:09:55.743562,Router 1,31.9,86.7,34.18367284867377,0.003069,0.003381,0.27531376136912733,0
2026-03-15 18:09:56.773451,Router 1,14.6,86.6,22.957899417191793,0.004134,0.004551,0.45941771893903965,1
2026-03-15 18:09:57.804363,Router 1,25.1,86.9,28.29539730725847,0.00367,0.001996,0.41913466203188265,2
2026-03-15 18:09:58.835620,Router 1,24.4,85.6,32.36003511423231,0.000132,5.8e-05,0.3893464126978465,1
2026-03-15 18:09:59.854748,Router 1,22.5,85.3,24.520490032813143,0.000144,0.000144,0.6269271879449472,0
2026-03-15 18:10:00.885282,Router 1,15.4,85.4,22.889696006533043,5.8e-05,5.8e-05,0.4728177718545502,1
2026-03-15 18:10:01.914349,Router 1,14.7,85.2,25.917930043504708,5.8e-05,5.8e-05,0.3469119576138873,0
2026-03-15 18:10:02.935555,Router 1,10.2,85.4,29.076541625189826,0.006772,0.007716,0.2691074797548919,1
2026-03-15 18:10:03.967500,Router 1,18.2,85.9,19.87604924263401,0.000198,0.00019,0.3992583147054411,0
2026-03-15 18:10:04.985167,Router 1,12.2,85.9,36.117693904215045,5.8e-05,5.8e-05,0.1890578937616471,0
2026-03-15 18:10:06.017785,Router 1,14.0,86.0,24.443805877623035,0.005148,0.005708,0.27081323597695706,1
2026-03-15 18:10:07.045995,Router 1,6.6,85.8,36.77165954223856,5.8e-05,5.8e-05,0.22548027233203005,1
2026-03-15 18:10:08.061957,Router 1,11.9,85.8,32.18294258245707,0.0001,0.00032,0.2950823692371115,2
2026-03-15 18:10:09.098502,Router 1,14.0,85.8,20.446929693362772,0.0001,0.00032,0.43743980087607337,1
2026-03-15 18:10:10.115414,Router 1,12.7,85.7,19.929300162454993,5.8e-05,0.0,0.07677630909533842,1
2026-03-15 18:10:11.146980,Router 1,13.1,85.8,25.812263554808812,0.000186,0.000186,0.35575281291725686,1
2026-03-15 18:10:12.173987,Router 1,11.4,85.9,25.76361690873185,0.0,0.000278,0.27929049776455517,1
2026-03-15 18:10:13.206119,Router 1,14.6,85.9,19.294632059050336,0.003097,0.000373,0.32993788210329544,0
2026-03-15 18:10:14.233572,Router 1,13.4,85.9,28.446876817094253,5.8e-05,5.8e-05,0.3656529271233374,2
2026-03-15 18:10:15.262631,Router 1,14.1,85.9,15.537428836888497,5.8e-05,5.8e-05,0.27910867107248294,0
2026-03-15 18:10:16.291236,Router 1,13.1,85.8,23.571015926062813,0.000301,5.8e-05,0.2840414523603192,1
2026-03-15 18:10:17.317155,Router 1,6.2,85.9,30.45957919123922,0.000133,5.8e-05,0.36431995115373483,1
2026-03-15 18:10:18.349530,Router 1,13.8,85.8,26.59101552500698,5.8e-05,0.000144,0.41925140445124787,1
2026-03-15 18:10:19.379109,Router 1,19.3,85.9,26.747631687381446,5.8e-05,5.8e-05,0.2724978448264537,2
2026-03-15 18:10:20.407031,Router 1,17.6,85.8,29.98033695716027,5.8e-05,5.8e-05,0.37051599751711667,0
2026-03-15 18:10:21.440993,Router 1,15.6,86.0,37.231149921969624,5.8e-05,0.000278,0.3113249761796779,2
2026-03-15 18:10:22.464520,Router 1,10.4,85.9,30.64455104542149,5.8e-05,5.8e-05,0.28302215239723205,2
2026-03-15 18:10:23.494156,Router 1,11.6,85.9,32.167148152199715,0.003243,0.000466,0.3017118049498324,0
2026-03-15 18:10:24.523528,Router 1,11.9,85.9,29.253126325842228,5.8e-05,5.8e-05,0.5340129571221178,1
2026-03-15 18:10:25.555503,Router 1,12.7,85.8,16.5548197792592,0.00019,0.00019,0.41944462289387285,1
2026-03-15 18:10:26.584904,Router 1,10.6,85.8,29.359700714849367,5.8e-05,5.8e-05,0.2550841151305043,2
2026-03-15 18:10:27.615295,Router 1,7.7,85.8,28.061343335760505,5.8e-05,5.8e-05,0.20828592569634666,2
2026-03-15 18:10:28.642058,Router 1,17.5,85.9,17.001444452361135,5.8e-05,5.8e-05,0.20784928980043157,2
2026-03-15 18:10:29.673975,Router 1,11.9,85.9,27.657460775443333,5.8e-05,5.8e-05,0.2655356065670244,0
2026-03-15 18:10:30.705931,Router 1,16.2,85.8,18.58249036454277,0.000191,0.00032,0.29643742554460645,1
2026-03-15 18:10:31.735842,Router 1,9.6,85.8,25.17699276677147,5.8e-05,5.8e-05,0.23197587517296986,0
2026-03-15 18:10:32.768473,Router 1,14.4,85.9,24.351183031905023,0.001337,0.000292,0.33101254883518033,1
2026-03-15 18:10:33.798008,Router 1,14.1,85.9,21.369835225310993,0.004195,0.001912,0.3907426298793603,1
2026-03-15 18:10:34.825845,Router 1,13.4,86.0,22.22837279143272,5.8e-05,5.8e-05,0.33221877279712997,0
2026-03-15 18:10:35.855068,Router 1,13.3,85.9,14.654049801947025,5.8e-05,5.8e-05,0.2518955140798361,2
2026-03-15 18:10:36.886816,Router 1,7.1,85.9,26.6717631698375,5.8e-05,5.8e-05,0.24297166432428036,2
2026-03-15 18:10:37.918015,Router 1,10.2,85.9,23.08035072802432,5.8e-05,5.8e-05,0.2748870508169042,1
2026-03-15 18:10:38.951412,Router 1,11.6,85.9,24.40344477808272,0.000144,0.000144,0.30793096588903457,0
2026-03-15 18:10:39.968209,Router 1,14.4,86.0,26.788603574868926,5.8e-05,5.8e-05,0.19444335015456116,0
2026-03-15 18:10:40.986359,Router 1,12.0,85.9,31.826261945224186,5.8e-05,5.8e-05,0.38468171140086466,1
2026-03-15 18:10:42.016901,Router 1,9.8,86.0,28.306753550348226,5.8e-05,5.8e-05,0.35423113238908904,2
2026-03-15 18:10:43.046398,Router 1,16.1,86.2,23.01340134232941,5.8e-05,5.8e-05,0.3012354478470002,1
2026-03-15 18:10:44.079082,Router 1,13.8,86.1,17.49567889183512,0.003182,0.000451,0.4453566764194253,2
2026-03-15 18:10:45.106424,Router 1,14.0,86.3,28.983878038468475,0.002332,0.009775,0.21085787186559657,1
2026-03-15 18:10:46.137671,Router 1,14.0,86.4,20.589134149571613,0.00027,5.8e-05,0.3419942290532515,1
2026-03-15 18:10:47.164544,Router 1,5.6,86.4,34.502514805398576,0.00027,5.8e-05,0.3022236679800103,2
2026-03-15 18:10:48.192100,Router 1,12.4,86.5,22.495648134844654,0.00027,0.000278,0.3511723727753886,0
2026-03-15 18:10:49.224752,Router 1,14.2,86.4,30.612863420695856,5.8e-05,5.8e-05,0.4241209513528533,2
2026-03-15 18:10:50.255716,Router 1,5.2,86.4,21.10580997291717,5.8e-05,5.8e-05,0.18104513277538015,0
2026-03-15 18:10:51.284799,Router 1,14.6,86.4,28.61637794055074,0.000144,0.000144,0.19806169861960288,2
2026-03-15 18:10:52.314690,Router 1,13.0,86.4,25.07959134619937,5.8e-05,5.8e-05,0.342506143824798,1
2026-03-15 18:10:53.341087,Router 1,11.5,86.5,17.02680117715206,5.8e-05,5.8e-05,0.35233689384208033,0
2026-03-15 18:10:54.372581,Router 1,11.6,86.4,30.180313673916697,0.003432,0.001157,0.17645344253333886,2
2026-03-15 18:10:55.402744,Router 1,12.0,86.5,17.961502358174595,5.8e-05,5.8e-05,0.2537644545700278,0
2026-03-15 18:10:56.419961,Router 1,12.3,86.5,23.056325533162575,5.8e-05,5.8e-05,0.3966535026977201,2
2026-03-15 18:10:57.447830,Router 1,12.6,86.7,24.40034626984672,0.002087,0.010568,0.4924322871128764,2
2026-03-15 18:10:58.473072,Router 1,6.9,86.6,26.561294130208594,0.000206,0.000132,0.47044288880054175,1
2026-03-15 18:10:59.500407,Router 1,19.2,86.6,25.50915034306921,5.8e-05,5.8e-05,0.11139031646443143,2
2026-03-15 18:11:00.530614,Router 1,12.9,86.6,24.16581252212025,5.8e-05,5.8e-05,0.3296614918749454,2
2026-03-15 18:11:01.550042,Router 1,15.3,86.5,20.130943712777736,5.8e-05,5.8e-05,0.286337433033304,0
2026-03-15 18:11:02.566299,Router 1,12.8,86.6,28.16411400224398,0.000133,0.000144,0.32461118015814233,1
2026-03-15 18:11:03.596647,Router 1,15.0,86.5,29.75251258417068,5.8e-05,5.8e-05,0.22898478497089048,2
2026-03-15 18:11:04.628696,Router 1,15.9,86.7,17.459254226853563,0.003243,0.000412,0.3851743908756307,0
2026-03-15 18:11:05.646382,Router 1,15.0,86.5,22.518156147428705,5.8e-05,5.8e-05,0.36448709587956557,2
2026-03-15 18:11:06.675925,Router 1,17.3,86.4,25.758041437427977,5.8e-05,5.8e-05,0.2902244598559566,2
2026-03-15 18:11:07.705842,Router 1,12.7,86.5,29.238064972265207,5.8e-05,5.8e-05,0.2025434859991937,2
2026-03-15 18:11:08.736898,Router 1,12.5,86.5,26.257214880733535,5.8e-05,5.8e-05,0.17987547872991438,1
2026-03-15 18:11:09.769164,Router 1,16.6,86.4,27.01535995234583,5.8e-05,5.8e-05,0.3422417430956732,2
2026-03-15 18:11:10.786050,Router 1,14.2,86.3,23.444343469577813,5.8e-05,5.8e-05,0.14707358850333013,2
2026-03-15 18:11:11.815016,Router 1,13.8,86.3,24.69017814454375,5.8e-05,5.8e-05,0.0702233763923659,2
2026-03-15 18:11:12.845719,Router 1,13.0,86.3,27.090455574848445,5.8e-05,5.8e-05,0.2866762894493001,1
2026-03-15 18:11:13.877623,Router 1,15.3,86.3,27.089606626531584,5.8e-05,5.8e-05,0.3026060648820462,2
2026-03-15 18:11:14.904330,Router 1,15.3,86.3,23.332430098504325,0.003096,0.000373,0.269242513298632,1
2026-03-15 18:11:15.933503,Router 1,12.7,86.3,28.37066673449763,5.8e-05,5.8e-05,0.23283310598477228,2
2026-03-15 18:11:16.951501,Router 1,13.9,86.4,32.2236899889637,5.8e-05,5.8e-05,0.3569699519560865,0
2026-03-15 18:11:17.983415,Router 1,6.6,86.3,31.516517152222338,5.8e-05,5.8e-05,0.303637824583663,0
2026-03-15 18:11:19.011414,Router 1,9.3,86.3,22.545705634877258,0.005831,0.007132,0.36253878462311334,0
2026-03-15 18:11:20.030417,Router 1,13.5,86.3,19.914673469936794,0.00043,0.001285,0.40465018260203417,0
2026-03-15 18:11:21.058198,Router 1,12.6,86.3,15.285489287708375,5.8e-05,5.8e-05,0.4134444496104781,2
2026-03-15 18:11:22.087401,Router 1,12.8,86.5,22.417738331128003,5.8e-05,5.8e-05,0.09110801829569112,2
2026-03-15 18:11:23.106996,Router 1,29.1,87.2,24.290195690493654,0.004252,0.010597,0.23760270944032444,2
2026-03-15 18:11:24.138812,Router 1,34.0,86.9,17.365036597581398,0.002974,0.006627,0.17215487965249007,0
2026-03-15 18:11:25.166940,Router 1,13.5,86.4,34.95458787572851,0.009577,0.007451,0.25033878555622946,1
2026-03-15 18:11:26.196135,Router 1,12.3,86.3,31.613661509325297,0.000541,0.007847,0.3023011240859351,2
2026-03-15 18:11:27.216812,Router 1,11.8,86.3,24.9887724326684,5.8e-05,5.8e-05,0.31316312891137604,0
2026-03-15 18:11:28.241560,Router 1,7.1,86.3,28.52732159559106,5.8e-05,5.8e-05,0.3529704567878321,1
2026-03-15 18:11:29.260249,Router 1,8.7,86.2,23.373055500747686,5.8e-05,0.000136,0.27476065458957616,2
2026-03-15 18:11:30.289238,Router 1,14.2,86.2,13.654154047390534,0.000113,0.000124,0.21794153645851588,1
2026-03-15 18:11:31.306985,Router 1,12.5,86.0,27.426722033087714,5.8e-05,5.8e-05,0.3641574912565859,1
2026-03-15 18:11:32.337745,Router 1,11.3,86.0,23.847224959963636,5.8e-05,0.0,0.4084418015146729,1
2026-03-15 18:11:33.364985,Router 1,6.2,86.0,27.014649047129094,5.8e-05,5.8e-05,0.17637474384392143,2
2026-03-15 18:11:34.395623,Router 1,17.0,86.1,23.956677120136277,5.8e-05,5.8e-05,0.26468318791154294,2
2026-03-15 18:11:35.428170,Router 1,17.2,86.1,27.430018149962866,0.00295,0.000166,0.407873810606042,1
2026-03-15 18:11:36.459223,Router 1,12.2,86.1,25.75636421565373,0.000236,0.000331,0.27061082515692086,1
2026-03-15 18:11:37.489167,Router 1,16.5,86.2,28.391333352782276,5.8e-05,0.0002,0.14643092539980315,1
2026-03-15 18:11:38.506897,Router 1,4.6,86.1,24.150179383593077,5.8e-05,5.8e-05,0.18074569867705173,2
2026-03-15 18:11:39.538497,Router 1,12.9,86.0,20.025981996929186,5.8e-05,5.8e-05,0.2073489908086713,1
2026-03-15 18:11:40.555823,Router 1,12.9,86.0,26.670905750248153,5.8e-05,0.000132,0.28598827764693063,0
2026-03-15 18:11:41.583794,Router 1,12.9,86.1,32.3154686001755,5.8e-05,5.8e-05,0.261584565437284,2
2026-03-15 18:11:42.611952,Router 1,14.6,86.1,20.357469403719254,5.8e-05,5.8e-05,0.16308200642458995,0
2026-03-15 18:11:43.638886,Router 1,7.2,86.2,35.50966507782641,5.8e-05,5.8e-05,0.374422038261701,0
2026-03-15 18:11:44.655623,Router 1,18.5,86.1,18.176128930947787,0.000144,0.000144,0.1994307279564903,1
2026-03-15 18:11:45.683767,Router 1,14.5,86.1,26.58739818340177,0.003096,0.000319,0.4969130217619718,0
2026-03-15 18:11:46.711809,Router 1,14.4,86.2,31.223316219759397,5.8e-05,5.8e-05,0.35648895926958674,0
2026-03-15 18:11:47.741846,Router 1,10.4,86.1,21.3565526336549,0.000133,0.000144,0.19832994717011623,0
2026-03-15 18:11:48.770596,Router 1,5.4,86.1,23.499705199691956,5.8e-05,5.8e-05,0.09540941944004422,1
2026-03-15 18:11:49.801587,Router 1,14.9,86.1,31.327022276155464,0.000144,0.000136,0.2418737353918905,2
2026-03-15 18:11:50.817053,Router 1,17.3,86.3,24.674340221395575,0.002315,0.008492,0.29047689496026585,0
2026-03-15 18:11:51.847551,Router 1,20.1,86.2,18.415167076727975,5.8e-05,0.000328,0.3524365408906983,0
2026-03-15 18:11:52.875457,Router 1,14.6,86.2,28.144255442374018,5.8e-05,0.000156,0.1651316426169531,1
2026-03-15 18:11:53.902645,Router 1,4.8,86.2,17.887066758979344,5.8e-05,5.8e-05,0.45230649558021385,1
2026-03-15 18:11:54.922177,Router 1,17.9,86.3,19.879936011937293,5.8e-05,5.8e-05,0.19590522945155533,1
2026-03-15 18:11:55.937740,Router 1,14.5,86.4,20.47906200694281,0.003521,0.001255,0.2964274220534801,0
2026-03-15 18:11:56.968768,Router 1,17.6,86.7,26.680030603412884,5.8e-05,0.000124,0.36383634362343237,1
2026-03-15 18:11:57.996763,Router 1,21.1,86.6,22.967718680084303,5.8e-05,5.8e-05,0.24719395692215992,0
